sequence,today,videoIds,publishedAt,titles,channelIds,channelTitles,thumbnails,categoryIds,descriptions,tags,views,likes,dislikes,comments,durations,regionRestrictions,relevantTopicIds,channelPublishedAt,channelCountry,channelViewCount,channelSubscriberCount,channelVideoCount,channelTopicIds
1,2021-02-01T18:01:19Z,GIvBwHjhLxU,2021-02-01T00:48:42Z,TIKTOKS that made me laugh,UCw1SQ6QRRtfAhrN_cjkrOgA,LazarBeam,https://i.ytimg.com/vi/GIvBwHjhLxU/default.jpg,20,"that time of the month... i am bored

ðŸ‘•LAZAR Merch - https://shoplazar.com/
ðŸ¤TWITTER - https://twitter.com/lazarbeam
ðŸ“˜ FACEBOOK - https://www.facebook.com/LazarBeamLannan/
ðŸ“·INSTAGRAM - https://instagram.com/lazarbeamyt

Want my headset!? I wear the ASTRO.ID A40
To get 5% off your Astro headphones go to: https://astro.family/lazarbeam",,2682340,324790,2769,28175,PT9M37S,"{'blocked': ['SY', 'KP', 'CU', 'IR']}","['/m/09kqc', '/m/02jjt', '/m/02vxn', '/m/02jjt', '/m/02vxn', '/m/09kqc']",2015-01-04T23:17:08Z,AU,6877671787,17900000,1215,"['/m/025zzc', '/m/0403l3g', '/m/0bzvm2']"
2,2021-02-01T18:01:19Z,BfzXLjK6Pno,2021-01-31T19:35:03Z,Rich People Have Bad Taste,UCTSRIY3GLFYIpkR2QwyeklA,Drew Gooden,https://i.ytimg.com/vi/BfzXLjK6Pno/default.jpg,23,"Sponsored by Squarespace. Get 10% off your first purchase of a website or domain: https://www.squarespace.com/drew

hot dog:
https://www.pictureofhotdog.com/

follow me:
twitter - https://www.twitter.com/drewisgooden
instagram - https://www.instagram.com/drewisgooden","['drew gooden', 'comedy', 'commentary', 'reaction', 'vine', 'drew gooden vine', 'road work ahead guy', 'parody', 'rant', 'cringe', 'architectural digest', 'house tours', 'hgtv', 'rich people', 'mansions']",1100231,130572,474,6961,PT12M34S,,"['/m/02jjt', '/m/02jjt']",2015-08-21T09:18:18Z,US,367316135,2810000,109,['/m/02jjt']
3,2021-02-01T18:01:19Z,hseOqwkYxuM,2021-01-31T18:10:00Z,Minecraft Manhunt but I can SHAPESHIFT...,UC0h07r_UgTD0Tc-Dn5XLX3g,Wisp,https://i.ytimg.com/vi/hseOqwkYxuM/default.jpg,20,"Minecraft Manhunt but I can SHAPESHIFT... (Speedrunner VS Hunter Challenge)

Follow My Socials:
âˆ˜ Twitter - @wispexe
âˆ˜ Instagram - @wispexe
âˆ˜ Twitch - https://www.twitch.tv/wisp
âˆ˜ Discord - https://discord.gg/wisp

This is a Minecraft (1.16) challenge in which I am trying to speedrun Minecraft and beat the enderdragon, however, I am being hunted down by 30 HUNTERS! The twist is that I can use the MORPH MOD and shapeshift into any mob in Minecraft... This was super intense!

#MinecraftManhunt","['minecraft', 'mine craft', 'manhunt', 'speedrunner vs hunter', 'Speedrunner vs 3 hunters', 'Speedrunner vs 4 hunters', 'minecraft but challenge', 'minecraft challenge', 'beating minecraft', 'four hunters', '4 hunters', 'wisp', 'wispexe', 'dream', 'minecraft manhunt', 'minecraft manhunt but', 'speedrun', 'speedrunner', 'manhunt minecraft', 'i secretly used', 'i secretly used morph', 'hacks', 'hacking', 'cheating', 'cheats', 'morph mod', 'shapeshift', 'shapeshifter', 'minecraft manhunt but i can shapeshift']",570168,47406,937,1435,PT12M41S,,"['/m/0bzvm2', '/m/02ntfj', '/m/0403l3g', '/m/025zzc', '/m/0bzvm2', '/m/0403l3g']",2015-05-30T12:49:15Z,GB,190864496,1280000,395,"['/m/025zzc', '/m/0403l3g', '/m/0bzvm2']"
4,2021-02-01T18:01:19Z,On4g1uj71zc,2021-01-30T20:41:07Z,GameStop: The real Wolf of Wall Street's advice,UCoMdktPbSTixAyNGwb-UYkQ,Sky News,https://i.ytimg.com/vi/On4g1uj71zc/default.jpg,25,"Jordan Belfort is an American author and former stockbroker who inspired The Wolf of Wall Street. He speaks to Sky's Isabel Webster about his opinion of the 'short squeeze' being experienced by GameStop, and gives his advice to investors.

SUBSCRIBE to our YouTube channel for more videos: http://www.youtube.com/skynews
 
Follow us on Twitter: https://twitter.com/skynews 
 
Like us on Facebook: https://www.facebook.com/skynews
 
Follow us on Instagram: https://www.instagram.com/skynews
 
For more content go to http://news.sky.com and download our apps: 
 
Apple: https://itunes.apple.com/gb/app/sky-news/id316391924?mt=8
 
Android https://play.google.com/store/apps/details?id=com.bskyb.skynews.android&hl=en_GB

Sky News videos are now available in Spanish here/Los video de Sky News estÃ¡n disponibles en espaÃ±ol aquÃ­ https://www.youtube.com/channel/UCzG5BnqHO8oNlrPDW9CYJog","['SKY NEWS', 'LIVE', 'Jordan Belfort', 'WOLF', 'WALL STREET', 'BETS', 'ROBINHOOD', 'IG', 'TRADING', 'APPS', 'RETAIL', 'HEDGE FUNDS', 'investing']",2243188,40850,2122,4968,PT10M17S,,"['/m/098wr', '/m/098wr']",2006-06-12T12:03:23Z,GB,1429671018,3120000,15699,"['/m/098wr', '/m/05qt0']"
5,2021-02-01T18:01:19Z,fZDKti9RQeg,2021-01-31T22:15:09Z,Flight - Muggin (Official Music Video),UC_k0qgMNIW2VmTQKjFsbXDw,FlightReacts,https://i.ytimg.com/vi/fZDKti9RQeg/default.jpg,10,"Spotify 
https://open.spotify.com/album/2n6cBWNZyfjWAJZ8Uw6pk7?si=DgDFm5LGShaCpuTBV_CCxw

Apple Itunes Music 
https://music.apple.com/us/album/muggin-single/1536304350

Soundcloud 
https://soundcloud.com/user-593517877/muggin

Prod. By 
https://www.instagram.com/yonaskbeatz/




Thanks for Tuning In!! 

Lets Get 5 Million Together!

Merch
https://www.flightreacts.us/
Daily Livestream
https://www.twitch.tv/flight23white

Follow my  instagram https://www.instagram.com/Flight23White_

FOLLOW ME ON TWITTER
https://twitter.com/Flight23White","['Reactions', 'Family', 'vlog', 'life', 'NBA', 'sports', 'Friends', 'fashion', 'friendly', 'nice']",407412,74374,863,6673,PT2M57S,,"['/m/04rlf', '/m/0glt670', '/m/04rlf', '/m/0glt670']",2015-09-20T21:50:32Z,US,383995501,4600000,970,"['/m/06ntj', '/m/0glt670', '/m/04rlf', '/m/018w8']"
6,2021-02-01T18:01:19Z,cJd3LO6u1vY,2021-01-31T18:34:40Z,300 GameStop GameStonks,UCNnKprAG-MWLsk-GsbsC2BA,Flashgitz,https://i.ytimg.com/vi/cJd3LO6u1vY/default.jpg,23,"The brave GME laden wallstreetbets 300 spartans hold their GameStop GameStonks firm against the Melvin Capital and Citadel Hedge-Fund.

Patreon â–º
https://www.patreon.com/flashgitz

Special thanks to our Patron Producers!

Albert Hutchins
David Murphy
Andrew Palmer
Adam Knopow

Additional Animation â–º 
Meatcanyon

Backgrounds â–º  
Javier Navarro https://www.instagram.com/naav_draws/

VO â–º 
Meatcanyon - Spartan Leader, Short-Squeezer, Hedge-Fund
Other Spartans - Tom & Don

Merch â–º
https://crowdmade.com/flashgitz

Instagram â–º
https://www.instagram.com/flashgitz/

Twitter â–º
https://www.twitter.com/flashgitzanims
https://www.twitter.com/flashgitztom
https://www.twitter.com/flashgitzdon

Discord â–º
https://discord.gg/b5ekXbK","['300', 'gamestop', 'stocks', 'stonks', 'gamestop stonks', '300 gamestop cartoon', 'spartan gamestop', 'Flashgitz 300', 'Flashgitz gamestop', 'wallstreetbets', '300 parody', 'Flashgitz gamestop gamestonks', '300 gamestop gamestonks']",805419,88626,713,3490,PT1M23S,,"['/m/02jjt', '/m/02vxn', '/m/02jjt', '/m/02vxn']",2011-03-09T04:08:14Z,US,406911649,2440000,86,"['/m/02jjt', '/m/02vxn']"
7,2021-02-01T18:01:19Z,V0hUYCVIl34,2021-02-01T00:35:01Z,Why you canâ€™t buy silver right now; return of â€˜Hunt Brothersâ€™ scenario? David Morgan,UC9ijza42jVR3T6b8bColgvg,Kitco NEWS,https://i.ytimg.com/vi/V0hUYCVIl34/default.jpg,25,"The demand surge of silver has completely overwhelmed the supply, and orders are not able to be filled now, said David Morgan of TheMorganReport. 

#SilverSqueeze #Kitco 
__________________________________________________________________
Kitco News is the worldâ€™s #1 source of metals market information. Our videos feature interviews with prominent industry figures to bring you market-affecting insights, with the goal of helping people make informed investment decisions. 

Subscribe to our channel to stay up to date on the latest insights moving the metals markets. 

For more breaking news, visit http://www.kitco.com/

Follow us on social media: 
Facebook - https://www.facebook.com/KitcoNews/?ref=br_rs 
Twitter - https://twitter.com/kitconewsnow
StockTwits - https://stocktwits.com/kitconews

Live gold price and charts: http://www.kitco.com/gold-price-today-usa/
Live silver price and charts: http://www.kitco.com/silver-price-today-usa/

Donâ€™t forget to sign up for Kitco Newsâ€™ Weekly Roundup â€“ comes out every Friday to recap the hottest stories & videos of the week:  https://connect.kitco.com/subscription/newsletter.html

Join the conversation @ The Kitco Forums and be part of the premier online community for precious metals investors: https://gold-forum.kitco.com/ 


Disclaimer: Videos are not trading advice and the views expressed may not reflect those of Kitco Metals Inc.","['gold', 'silver', 'finance', 'news', 'investing', 'investing news', 'finance news', 'financial news', 'economy', 'precious metals', 'gold price', 'silver price', 'gold price today']",211382,6910,217,1400,PT16M36S,,"['/m/098wr', '/m/098wr']",2010-09-11T03:26:52Z,US,51990386,274000,3009,['/m/098wr']
8,2021-02-01T18:01:19Z,kC4I3Bdg-og,2021-01-30T18:08:26Z,Daycare Stories,UCu6v4AdYxVH5fhfq9mi5llA,Let Me Explain Studios,https://i.ytimg.com/vi/kC4I3Bdg-og/default.jpg,1,"I might have been a little devil at daycare. A collection of stories of how rotten I was to the daycare staff! 


ARTISTS:
Megan Maher: https://meganamaher.com/
E Griswold: https://elisegriswold.tumblr.com/
Chloe Dungate: https://www.youtube.com/user/ScarfDemon


SECOND CHANNEL: https://www.youtube.com/channel/UC5J0...



 MERCH STORE: bit.ly/2RwMjZB


#daycare #stories #animated #storytime #letmeexplainstudios #rebeccaparham #animation #cartoon #kidlogic #school #kindergarten #childhood #box #nintendo #supermariobros #mario #van #marker #whiteboard",,3711499,177677,3549,19930,PT8M20S,,"['/m/02jjt', '/m/02vxn', '/m/02jjt', '/m/02vxn']",2014-02-17T21:29:14Z,US,427270080,3270000,68,"['/m/02vxn', '/m/02jjt']"
9,2021-02-01T18:01:19Z,0r5J4EjL5XY,2021-01-31T15:00:03Z,Repaint! Charley the Lolita Fashion Doll #OOAK Art Doll,UCitKV0ebZVbtU2nIPihDGMQ,Dollightful,https://i.ytimg.com/vi/0r5J4EjL5XY/default.jpg,24,"Pink hair? Check. Poofy dress? Double check! Charley is here to brighten your day and bring in the new year. Letâ€™s have a great 2021!
---------------------------------------------------------------------------------------------
Mentioned in Video:
@Moonlight Jewel 
Charlotte the Cake Shop Lolita Dollâ€™s video: https://youtu.be/MvQqU4zYpYM
---------------------------------------------------------------------------------------------
Merchandise: https://www.zazzle.com/store/dollightful/collections
https://society6.com/dollightful
Doll clothing patterns here: https://www.etsy.com/shop/DollightfulPatterns
Instagram, Twitter, Pinterest: @dollightfully
New to customizing? Start here! https://www.youtube.com/playlist?list=PLwf5az3O7M4eS697rBmAg269LYwr4QDzy
-----------------------------------------------------------------------------------------------
MATERIALS:
Thrifted yarn (50 cents)
Reroot needles from the https://thedollplanet.com/
Water Colored Pencils - Faber Castell
Pastels - Mungyo Hand-Rolled Soft Pastels
Acrylic paint â€“ Liquitex brand
Mr. Super Clear UV Flat (wear a mask and spray in a ventilated area!)
MASK: Organic Vapor Particle Respirator Mask
High Gloss Varnish -Liquitex Brand
-----------------------------------------------------------------------------------------------
Musical tracks from:
Artlist https://artlist.io 
[Songs listed chronologically:]
In Circles by Evgeny Bardyusha 
Night and Day Instrumental Version by Rex Banner
Oceans by Rex Banner
Doorknob by Egon Stone
Lesson Learned Instrumental Version by Daniel Robinson 
Next Chapter by Out of Flux
-----------------------------------------------------------------------------------------------
Logo and other graphics designed by: https://charliesparksdesign.myportfolio.com/
#repaint #doll #lolitafashion","['doll', 'monster high', 'clawdeen', 'face up', 'reroot', 'yarn', 'repaint', 'custom', 'ooak', 'wheelchair', 'lolita', 'fashion', 'harajuku', 'jfashion', 'kawaii', 'disabilities', 'disability', 'handicap', 'spoonie']",539365,48754,538,3344,PT16M27S,,['/m/03glg'],2016-01-17T03:27:04Z,KR,242618142,1670000,135,"['/m/019_rr', '/m/03glg']"
10,2021-02-01T18:01:19Z,GPp__dCCL1A,2021-01-31T22:00:07Z,Barcelona vs Athletic Club | LALIGA HIGHLIGHTS | 1/31/2021 | beIN SPORTS USA,UC0YatYmg5JRYzXJPxIdRd8g,beIN SPORTS USA,https://i.ytimg.com/vi/GPp__dCCL1A/default.jpg,17,"Lionel Messi makes a great first half and pushes Barca to keep the victory holdin Athletic's attack during the 2nd half.

Catch the latest highlights of LaLigaðŸ‡ªðŸ‡¸, Ligue 1ðŸ‡«ðŸ‡·, Turkish SÃ¼per LigðŸ‡¹ðŸ‡·,Â 
Copa LibertadoresðŸ†, Copa SudamericanaðŸ¥‡ on our YouTube channel.
Follow the latest news on beINSPORTS.com and stream all theirÂ 
games on our app beIN SPORTS CONNECT.
Download beIN SPORTS CONNECT on Apple devices: https://tinyurl.com/y4bd3osh
Download beIN SPORTS CONNECT on Android devices: https://tinyurl.com/yxlst4vj
#LaLiga #Barcelona #AthleticClub","['beIN SPORTS', 'beIN SPORTS USA', 'Futbol', 'Football', 'LaLiga', 'La Liga', 'Barcelona', 'Athletic Club', 'FC Barcelona', 'Cule', 'Cules', 'Messi', 'Messi Freekick', 'Messi Goal', 'Messi Salary', 'BarÃ§a']",458323,6088,123,1341,PT9M13S,"{'allowed': ['PR', 'CA', 'US']}",,2012-07-16T20:11:38Z,US,117796063,430000,7582,"['/m/06ntj', '/m/02vx4']"
11,2021-02-01T18:01:19Z,MdMTTQ9SBgk,2021-01-31T05:00:12Z,Wanyeâ€™s World - Wayne and Garth are Back | Uber Eats,UC1xnncYc7586km_rIYQLtLQ,Uber Eats,https://i.ytimg.com/vi/MdMTTQ9SBgk/default.jpg,2,"Wayne and Garth are suuuuuper excited to be back for the...big thing they're back for...

Learn more about Uber Eats: https://www.ubereats.com/?utm_source=youtube-organic&utm_campaign=youtube-organic_1_-99_US-National_e_all_acq_fix_en_ctao_Description

SUBSCRIBE: https://www.youtube.com/channel/UC1xnncYc7586km_rIYQLtLQ?sub_confirmation=1
 
About Uber Eats:
Uber Eats is a food delivery app from Uber that makes getting great food from your favorite local restaurants as easy as requesting a ride. Are you a Restaurant looking to partner with us? Sign up here: https://about.ubereats.com/restaurants/
 
Connect with Uber Eats: 
Deliver with Uber Eats: https://ubr.to/2PBO1I7
Order food with Uber Eats: http://bit.ly/2wjS6bY
Like Uber Eats on FACEBOOK: https://www.facebook.com/UberEats
Follow Uber Eats on TWITTER: https://twitter.com/UberEats
Follow Uber Eats on INSTAGRAM: https://www.instagram.com/ubereats/

Wanyeâ€™s World - Wayne and Garth are Back | Uber Eats
https://www.youtube.com/ubereats","['Superbowl Sunday 2021', 'mike myers superbowl commercial', 'dana carvey super bowl commercial', 'best super bowl commercials 2021', 'uber eats commercial mike Myers', 'uber eats commercial dana carvey', 'uber eats commercial actors', 'uber eats commercial', 'game on waynes world gif', 'dumb and dumber', 'Michael Myers', 'waynes world cast', 'waynes world gif', 'garth Wayne world', 'waynes world snl', 'uber', 'uber eats', 'food delivery', 'restaurant delivery', 'uber food', 'uber eats partner', 'uber eats restaurants']",241266,3401,272,346,PT37S,,"['/m/02jjt', '/m/02vxn', '/m/02jjt', '/m/02vxn']",2017-05-31T01:43:51Z,US,461465908,187000,431,"['/m/019_rr', '/m/02wbm', '/m/02jjt']"
12,2021-02-01T18:01:19Z,hxdyzv5dOWs,2021-01-31T15:00:15Z,Doctor Reacts To 9gag Medical Memes #15,UC0QHWhjbe5fGJEPz3sVb6nw,Doctor Mike,https://i.ytimg.com/vi/hxdyzv5dOWs/default.jpg,27,"Check out Thrive Market here http://thrivemarket.com/DoctorMike and get 25% off your first order AND a free gift when you join today using my link!

9gag has some of the funniest memes on the internet, so I combed through their IG @9gag to see if the had any medical ones. Low and behold, I found a treasure trove of savage memes about spine curvature, dyslexia, the band Disturbed being â€œdown with the sicknessâ€, Spongebob, prior authorizations, heart health, and so much more. Got some more memes? Send them my way!

My OFFICIAL ranking of medical dramas from least to most accurate: https://www.youtube.com/watch?v=bLt8BYPkkcQ&t=15s

I LOVE reading your comments and take your suggestions seriously. If thereâ€™s a subject you want me to discuss or something youâ€™d like for me to react to, leave a comment down below. Many of my videos have been born out of suggestions directly from you, so donâ€™t hold back!
-Doctor Mike Varshavski

Help us continue the fight against medical misinformation and change the world through charity by becoming a Doctor Mike Resident on Patreon where every month I donate 100% of the proceeds to the charity, organization, or cause of your choice! Residents get access to bonus content, an exclusive discord community, and many other perks for just $10 a month. Become a Resident today:

Dr Mike Patreon:
https://www.patreon.com/doctormike

Please SUBSCRIBE for new videos every Wednesday afternoon and Sunday morning!  https://goo.gl/87kYq6

Letâ€™s connect:

IG https://goo.gl/41ZS7w - Doctor Mike
Reddit https://www.reddit.com/r/DoctorMike/
Twitter https://goo.gl/kzmGs5 - Real Doctor Mike
Facebook https://goo.gl/QH4nJS - Real Doctor Mike

Contact Email: DoctorMikeMedia@Gmail.com

www.doctormikemedia.com

P.O. Box (send me stuffs):
340 W 42nd St # 2695
NY, NY 10108

** The information in this video is not intended nor implied to be a substitute for professional medical advice, diagnosis or treatment. All content, including text, graphics, images, and information, contained in this video is for general information purposes only and does not replace a consultation with your own doctor/health professional **","['medical memes', 'doctor memes', 'medical humor', 'funniest medical memes', 'funny medical memes', 'meme review', 'doctor mike', 'hospital humor', 'medical satire', 'nursing humor', 'mike varshavski', 'laughter as medicine', 'doctor reacts', 'doctor jokes', 'medical meme review', 'real doctor reacts', 'health memes', 'doctor mike meme', 'doctor meme review', 'medical comedy', 'funniest doctor memes', 'mikhail varshavski', 'dr mike', 'dr. mike', 'doctor humor', 'medical meme compilation', 'funniest memes', 'best memes']",947112,61355,1430,5927,PT11M1S,,,2016-08-19T02:18:53Z,US,760896662,6710000,319,"['/m/0kt51', '/m/019_rr', '/m/02jjt']"
13,2021-02-01T18:01:19Z,YV-576jC1BU,2021-01-30T18:01:44Z,100 Days in a Minecraft World,UCzTlXb7ivVzuFlugVCv3Kvg,LDShadowLady,https://i.ytimg.com/vi/YV-576jC1BU/default.jpg,20,"Please *boop* the like button if you enjoy the video! :)

Today I'm trying a challenge originated by @Luke TheNotable to spend 100 days in a Minecraft Single player world (not Hardcore though) tracking progress from day 1 to day 100... What can I achieve in the space of 100 days in Minecraft? Let's find out :D

FOLLOW ME HERE:
Twitter: https://twitter.com/LDShadowLady
Facebook: https://www.facebook.com/LDShadowLadyFB
Instagram: http://www.instagram.com/ldshadowlady
Twitch: http://www.twitch.tv/ldshadowlady

Check out Joel's gaming channel:
http://www.youtube.com/SmallishBeans","['ldshadowlady', 'minecraft', 'mini game', 'girl gamer', 'pink hair', 'funny', 'walkthrough']",2094262,92506,1851,11172,PT31M21S,,"['/m/0bzvm2', '/m/02ntfj', '/m/025zzc', '/m/0403l3g', '/m/0bzvm2', '/m/0403l3g']",2010-01-09T12:46:54Z,GB,2570751573,5510000,992,"['/m/0bzvm2', '/m/0403l3g', '/m/025zzc']"
14,2021-02-01T18:01:19Z,ZCh-Y8kt2Ts,2021-01-31T20:00:26Z,I'm back.,UCJGgP4txIUr_7JTDvOGVQrA,Ted Nivison,https://i.ytimg.com/vi/ZCh-Y8kt2Ts/default.jpg,23,"I'm back. Let's talk about why I don't post often, and why I'm gonna be posting more. Be kind to yourselves, folks. 
â–ºInstagram: https://www.instagram.com/TedNivison
â–ºTwitch: https://www.twitch.tv/TedNivison
â–ºFollow my Twitter: https://twitter.com/TedNivison
â–ºDiscord: https://discord.gg/c3qMbDM

Royalty Free Music by 
http://audiomicro.com/royalty-free-music
Sound Effects by 
http://audiomicro.com/sound-effects
And:
http://www.epidemicsound.com/

About Ted Nivison / JehBerDeh: 
Ted Nivison is a YouTube entertainer/Filmmaker/voice actor/comedian based in Los Angeles. He creates comedy videos on YouTube making commentary videos about various funny topics and poking fun at ridiculous people on Facebook, YouTube, and Instagram. He's got some sweet moves as well.","['JehBerDeh', 'TedNivison', 'Ted', 'Nivison', ""I'm Back"", ""Why I don't post often"", 'Why I dont', 'ted']",401186,71478,202,4106,PT5M28S,,"['/m/02jjt', '/m/02jjt']",2013-01-17T02:09:50Z,US,30298083,739000,57,"['/m/019_rr', '/m/02wbm', '/m/02jjt']"
15,2021-02-01T18:01:19Z,LE48-QB7w1Q,2021-01-31T08:00:05Z,The Bold and the Beautiful - Jilted (Preview),UClzCn8DxRSCuMFv_WfzkcrQ,CBS,https://i.ytimg.com/vi/LE48-QB7w1Q/default.jpg,24,"Carter needs to know what Zoe has been doing behind his back on The Bold and the Beautiful.  Only CBS Daytime

Watch Full Episdoes of ""The Bold and the Beautiful"" HERE: http://bit.ly/1KXrgpG
Follow ""The Bold and the Beautiful"" on Instagram HERE: http://bit.ly/1OZwLF6
Like ""The Bold and the Beautiful"" on Facebook HERE: http://on.fb.me/1IBYat1
Follow ""The Bold and the Beautiful"" on Twitter HERE: http://bit.ly/1KXrayq
Follow""The Bold and the Beautiful"" on Google+ HERE: http://bit.ly/1NjHHNo

Get the CBS app for iPhone & iPad! Click HERE: http://bit.ly/12rLxge

Get new episodes of shows you love across devices the next day, stream live TV, and watch full seasons of CBS fan favorites anytime, anywhere with CBS All Access. Try it free! http://bit.ly/1OQA29B","['Bold and Beautiful', 'B&B', 'steffy', 'bold movies', 'Brooke & Ridge', 'Liam & Hope', 'Liam & Steffy', 'Bold & Beautiful', 'Liam Steffy', 'Taylor & Ridge', 'soap opera', 'CBS Soap', 'Brooke', 'Ridge', 'Eric', 'Thorne', 'Foresters', 'betrayal', 'Stephanie', 'fashion', 'divorce', 'Patrick Duffy', 'models', 'drama', 'hope', 'Wyatt', 'Bill Spencer', 'Logans', 'forresters', 'Daytime Drama', 'CBS']",108522,1324,148,421,PT25S,"{'allowed': ['GU', 'UM', 'US', 'AS', 'VI']}","['/m/02jjt', '/m/0f2f9', '/m/02vxn', '/m/02jjt', '/m/0f2f9', '/m/02vxn']",2006-09-21T22:42:20Z,US,1749376542,1840000,49447,"['/m/0f2f9', '/m/02jjt']"
16,2021-02-01T18:01:19Z,UEf-QKVttoU,2021-01-31T15:00:21Z,"SLEEPING IN A $10,000 PER NIGHT PENTHOUSE",UC4ijq8Cg-8zQKx8OH12dUSw,Kara and Nate,https://i.ytimg.com/vi/UEf-QKVttoU/default.jpg,19,"Want to see whatâ€™s inside one of the most expensive penthouses in Las Vegas? See if you think the One80 Suite is worth $10k!

Thanks for having us Red Rock Resort! https://www.redrockresort.com/stay/penthouses/one-80-suite/

Vlog 752 | #LasVegas, NV

ðŸ“¸ Follow us on Instagram for behind the scenes content: @karaandnate https://www.instagram.com/karaandnate/ 

ðŸ—º Create your own CUSTOM route map from your favorite vacation, city, or road trip with our new site! https://atlas.co/ 

âœˆï¸ We created FareDrop to help you score super cheap international flights! Try it for free and get flight deals up to 80% off âž¡ï¸ https://faredrop.com/ â¬…ï¸

ðŸ“§ Sign up for our Sunday Summary email here - https://karaandnate.com/sunday-summary/

ðŸŽ¶ Download these copyright free songs we used in this episode - All are from here: http://bit.ly/epidemic_sound

â€”â€”â€”â€”â€”â€”â€”â€”â€”â€”â€”â€”â€”â€”â€”â€”â€”â€”

ðŸ’³ Hereâ€™s Nateâ€™s FREE guide to airport lounge access: http://karaandnate.com/the-ultimate-guide-to-lounge-access/ 

ðŸ‘©ðŸ»â€ðŸ’» Karaâ€™s Behind the Scenes Guide to Editing a Vlog:
https://learn.karaandnate.com/p/how-to-edit-a-vlog/ 

ðŸŽ¥ Our current camera setup: https://karaandnate.com/travel-vlogging-gear/

â€”â€”â€”â€”â€”â€”â€”â€”â€”â€”â€”â€”â€”â€”â€”â€”â€”â€”

SUPPORT OUR WORK: http://karaandnate.com/keep-us-on-the-road/ 

PACKING LIST: http://karaandnate.com/travel-essentials/ 

FACEBOOK: https://www.facebook.com/karaandnate/ 
TWITTER: @karaandnate https://twitter.com/karaandnate

â€”â€”â€”â€”â€”â€”â€”â€”â€”â€”â€”â€”â€”â€”â€”â€”â€”â€”

Originally from Nashville, Tennessee, we got married June 2013 and quickly caught the #travel bug! We started â€œtravel hackingâ€ & finally decided we wanted to go travel for one year. After 2 years of saving $ and over 2 million miles and points, we sold our cars and apartment and left home January 10, 2016. We started this #travelvlog to share our experiences with friends and family, then decided we really liked vlogging and traveling, and we didnâ€™t want to stop after just one year! After achieving our new goal of 100 countries and then all 7 continents (check out our documentary here: https://www.youtube.com/watch?v=FuFv4iF8wgg&t=1s), we had no plans to slow down, until 2020 decided to force us to ;) which is when we bought a converted Sprinter van to start exploring our own country for the first time. It was a major adjustment and so different than flying every week like we were used to, but we are incredibly thankful to be able to continue doing something we love every day. ðŸ˜ŠðŸŽ¥ðŸŒŽ","['las vegas', 'most expensive penthouse', 'luxury travel', 'most expensive hotel', 'most expensive penthouses in the world', 'most expensive penthouses in las vegas', 'red rock resort las vegas', 'red rock resort', 'penthouse', 'couple vlog', 'daily vlog', 'full time travel', 'husband and wife', 'husband and wife travel', 'husband and wife vlog', 'kara and nate', 'kara and nate vlog', 'travel', 'travel couple', 'travel duo', 'travel hacks', 'travel vlog', 'travel vlogger', 'travel vloggers', 'usa travel', 'vlog', 'vlog music']",553095,22675,987,2290,PT14M48S,,,2015-12-08T23:23:36Z,US,322532785,2040000,764,"['/g/120yrv6h', '/m/019_rr']"
17,2021-02-01T18:01:19Z,-XEHeDXvu80,2021-01-31T17:30:29Z,Jeep Menâ€™s Snowboard Slopestyle: FULL BROADCAST | X Games Aspen 2021,UCxFt75OIIvoN4AaL7lJxtTg,X Games,https://i.ytimg.com/vi/-XEHeDXvu80/default.jpg,17,"Watch the spoiler-free, full broadcast of Jeep Menâ€™s Snowboard Slopestyle at X Games Aspen 2021!

How Itâ€™s Judged:
1 heat of 10 athletes in a 35-minute jam session. Best run counts, ranked 1-10. Judges will rank competitors throughout the contest.
 
For the full X Games Aspen 2021 competition schedule, click here: https://xgam.es/Aspen2021HowToWatch

--

Progression at its finest! X Games is your premier destination for all things action sports, music, lifestyle and everything in between. 

X Games has been the worldwide leader in action sports since 1995.

Visit our official homepage at http://xgames.com for more coverage and highlights.

SUBSCRIBE: @X Games!

Check us on Social @XGames:
Instagram â–º https://instagram.com/xgames
Twitter â–º https://twitter.com/xgames
Facebook â–º https://www.facebook.com/XGames
TikTok â–º https://www.tiktok.com/@XGames
Snapchat â–º @xgames

Thanks for watching X Games!

#XGames #Snowboard #Slopestyle #XGamesAspen2021","['yt:quality=high', 'x games', 'x-games', 'x games aspen', 'x games aspen 2021', 'x games aspen live stream', 'watch x games', 'aspen x games', 'winter x games', 'x games highlights', 'x games mens snowboard slopestyle', 'x games snowboard slopestyle', 'snowboard slopestyle', 'snowboard', 'slopestyle', 'lyon farrell', 'judd henkes', 'sebastien toutant', 'dusty henricksen', 'marcus kleveland', 'rene rinnekangas', 'stale sandbech', 'sven thorgren', 'red gerard', 'mons roisland']",261873,2796,143,225,PT55M1S,,"['/m/06ntj', '/m/06ntj']",2006-03-16T01:35:04Z,,368675072,1260000,3646,"['/m/06ntj', '/m/019_rr']"
18,2021-02-01T18:01:19Z,XaKgRe6GuUQ,2021-01-31T16:00:07Z,Sir! What Are Your Orders?,UCVIFCOJwv3emlVmBbPCZrvw,Joel Haver,https://i.ytimg.com/vi/XaKgRe6GuUQ/default.jpg,1,"Hold.

Subscribe for weekly short films.

More Animations - https://www.youtube.com/playlist?list=PLKtIcOP0WvJDZemPYZZQSqotCgpps5DbX

Support - 
Patreon: https://patreon.com/joelhaver
Paypal: https://bit.ly/2ZI7uff

Social - 
Instagram: https://www.instagram.com/joelhaver
Drawings: https://www.instagram.com/joeldrawsandwriteshaver
Letterboxd: https://letterboxd.com/joelhaver

Music -
Aviators - Infinity Awaits Us

I used a font for the Patreon list that didn't have numbers or certain characters, if your Patreon name is typo'd it should be good in the next video!","['Joel Haver', 'Dylan Dexter', 'Animation', 'Animated', 'Sci-Fi']",696275,111589,744,6276,PT1M59S,,"['/m/02jjt', '/m/02jjt']",2010-09-26T02:57:26Z,US,35035822,626000,400,"['/m/02vxn', '/m/02jjt']"
19,2021-02-01T18:01:19Z,PvhwhSR0E9o,2021-01-30T22:30:10Z,TOTAL DRAMA REUNION - EP 1 - Reunited and it Feels No Good Part 1,UC60RSofBS_xj_-27QcYv_nw,Blu Productions,https://i.ytimg.com/vi/PvhwhSR0E9o/default.jpg,1,"Synopsis: After Chris McLean's court hearing does not go as planned, twelve classic Total Drama contestants find themselves swept up in a new installment of the once infamous reality show, some willingly and some very unwillingly.

Well, it's finally here. 
Thank you too everyone who has made this project possible, this show was a staple of not only my childhood, but the childhoods and lives of many others as well. 

Wiki: https://total-drama-reunion.fandom.com/wiki/Total_Drama_Reunion_Wiki

CAST
______________________________________________
Chris McLean -------------------------- Jacuto
Trent & Geoff --------------------------- N8
Courtney & Eva------------------------- Rachel Glait
Gwen --------------------------------------- Meghan McConnell
Owen --------------------------------------- Matt Lamar
Alejandro --------------------------------- Michael Kim
Cody ---------------------------------------- SoggyEchidna
Duncan ------------------------------------ Dylan Clark
Heather ------------------------------------ Kenkoy
Bridgette ---------------------------------- Veronica Nino
Judge Thompson & Jan ---------- Celina Atangana
Reynold Chaddington -------------- Ben Potter
LeShawna -------------------------------- Jessica Williams-Daley
Kelsey -------------------------------------- Glass Peregrine
Tom ----------------------------------------- WowSuchGaming
Jerry ---------------------------------------- Noahh
Lewis --------------------------------------- Deric Jackman
The Creature ---------------------------- Tanner McNatt

ANIMATORS
______________________________________________
Adam Bluboi
AJ Winter

Follow the crew members below!
______________________________________________
Jacuto
-----------------
Fiverr: https://www.fiverr.com/jacuto
Insta: https://www.instagram.com/_jacuto_/

Rachel Glait
-----------------
Youtube: https://www.youtube.com/channel/UCIpjuuJ2uF9I4RuUQ_AGjKw
Insta: https://www.instagram.com/rachelflakes/

Meghan McConnell
-----------------
Twitter: https://twitter.com/MeghanM_VOA
Insta: https://www.instagram.com/meghanmcconnellva/

Matt Lamar
-----------------
Insta: https://www.instagram.com/matthew_lamar/

Michael Kim
-----------------
Insta: https://www.instagram.com/instant.michael/
Youtube: https://www.youtube.com/channel/UC5LqH3SiTDXT07DoUmCCNXg

SoggyEchidna
-----------------
Twitter: https://twitter.com/SoggyEchidna
Youtube: https://www.youtube.com/channel/UC7bFWwzsj-RHkEYGQ6kSnCQ

Dylan Clark
-----------------
Insta: https://www.instagram.com/dylanclarkofficial/

Kenkoy
-----------------
Twitter: https://twitter.com/KenkoiPhish

Veronica Nino
-----------------
Insta: https://www.instagram.com/withjust_a_bite/

Celina Atangana
-----------------
Insta: https://www.instagram.com/cejaatan/
Twitter: https://twitter.com/CelinaUniverse
Youtube:  https://www.youtube.com/channel/UCNk-L_jcP_ZvaMROtpHwtNQ

Ben Potter
-----------------
Insta: https://www.instagram.com/firstmateben/

Jessica Williams-Daley
-----------------
Insta: https://www.instagram.com/jessica47898/

WowSuchGaming
-----------------
Youtube: https://www.youtube.com/channel/UCugqjlk-tkE_uZnG0tDbQyg

Glass Peregrine
-----------------
Twitter: https://twitter.com/GlassPeregrine

Noahh
-----------------
Insta: https://www.instagram.com/officialnoahh/
Youtube: https://www.youtube.com/user/TotalDramaNoahh

Deric Jackman
-----------------
Insta: https://www.instagram.com/dericjackman/
Youtube: https://www.youtube.com/user/TheBombDigityShiz

Tanner McNatt
-----------------
Insta: https://www.instagram.com/tannermcnatt/
Youtube: https://www.youtube.com/channel/UCKS_5zSPDi3XU1nkssK4T5A
GoFundMe: https://www.gofundme.com/f/28oqpp8io0

AJ Winter
-----------------
Youtube: https://www.youtube.com/user/AJWToons

Blu Productions
-----------------
Insta: https://www.instagram.com/adambluboi/
Twitter: https://twitter.com/productions_blu",,877778,86771,1326,10163,PT21M45S,,"['/m/02jjt', '/m/02vxn', '/m/02jjt', '/m/02vxn']",2020-04-18T19:07:52.608408Z,US,7747146,118000,18,"['/m/02vxn', '/m/02jjt']"
20,2021-02-01T18:01:19Z,lyoIryqJ08A,2021-01-30T16:00:30Z,Keith Eats Everything At Jollibee,UCpi8TJfiA4lKGkaXs__YdBA,The Try Guys,https://i.ytimg.com/vi/lyoIryqJ08A/default.jpg,23,"It's the one you've all been waiting for! Keith finally ate the menu at Jollibee! What will Keith's most jolly and least jolly food items bee? Preorder Lewberger's Comedy Special now on itunes! http://apple.co/3bU3GzS

Are you a business looking to work with The Try Guys? Reach out to us at 2ndtrybusiness@gmail.com for all business inquiries! 

ðŸŽ§THE TRYPOD ðŸŽ§: watch our new podcast at https://youtube.com/trypod or listen at https://tryguys.com/podcast

ðŸ“˜THE HIDDEN POWER OF F*CKING UP ðŸ“˜: check out our new book at https://tryguys.com/book

Get your official Try Guys color hoodies and phone cases at https://tryguys.com/collections/color-line ðŸ’™â¤ï¸ðŸ’šðŸ’œ

Support us! http://www.patreon.com/tryguys. Join our Patreon to get videos a day early, plus, live streams, chatrooms, BTS footage, exclusive merchandise, and more!

SUBSCRIBE TO AND FOLLOW THE TRY GUYS 
http://www.youtube.com/c/tryguys
http://www.facebook.com/tryguys  
http://www.twitter.com/tryguys
https://www.instagram.com/tryguys

FOLLOW THE GUYS
http://www.Instagram.com/keithhabs
http://www.Instagram.com/nedfulmer
http://www.Instagram.com/korndiddy
http://www.instagram.com/eugeneleeyang
 
http://www.twitter.com/keithhabs
http://www.twitter.com/nedfulmer 
http://www.twitter.com/korndiddy
http://www.twitter.com/eugeneleeyang 

THE TRY GUYS
The #TryGuys is the flagship channel of 2ND TRY, LLC. Tune in twice a week for shows from Keith, Ned, Zach and Eugene, the creators and stars of The Try Guys.

FEATURING
Alexis Lewis @i8athumbtack 
Hughie Stonefish @hughiestonefish
Marissa Rivera @themarissarivera

EDITED BY
Mishelle Martin


MUSIC
Licensed from AudioNetwork

SFX
Licensed from Audioblocks

VIDEO
Licensed from Videoblocks

Official Try Guys Photos 
By Mandee Johnson Photography | @mandeephoto

2nd Try, LLC STAFF
Executive Producer - Keith Habersberger
Executive Producer - Ned Fulmer
Executive Producer - Zach Kornfeld
Executive Producer - Eugene Lee Yang
Producer - Rachel Ann Cole
Producer - Nick Rufca
Associate Producer - Alexandria Herring
Editor - Devlin McCluskey
Editor - YB Chang
Editor - Elliot Dickerhoof
Assistant Editor - Will Witwer
Podcast Producer - Miles Bonsignore
Camera Operator/Assistant Production Coordinator - Jonathan Kirk
Sound Operator Assistant Production Coordinator - Sam Johnson
Content Strategist - Kaylin Burke

Special Thanks To! 

Thanks to all of our Gold Level Patrons! AJ S., Amy Fleming, Ana Camba, Cat Hicks, Elisa Proust, Emma Godfrey, Erica Rao, Jared Aarons, Kelsey Bock, Kourtney Wong, Loretta Wen, Matthew Tadros, Miha, Paulus, Sarah Waxman, Traci Lew, Wendy Tran, Lily","['try guys', 'keith', 'ned', 'zach', 'eugene', 'habersberger', 'fulmer', 'kornfeld', 'yang', 'buzzfeedvideo', 'buzzfeed', 'ariel', 'ned & ariel', 'comedy', 'education', 'funny', 'try', 'learn', 'fail', 'experiment', 'test', 'tryceratops', 'keith eats', 'jollibee mukbang', 'jollibee taste test', 'jollibee spaghetti', 'first time trying jollibee', 'jollibee fried chicken', 'jollibee chicken', 'fast food', 'mukbang jollibee', 'jollibee review', 'fried chicken', 'jollibee philippines', 'jollibee menu', 'filipino', 'jollibee chicken mukbang', 'jollibee food review', 'eating show']",1751350,103813,1604,10324,PT30M4S,,"['/m/02wbm', '/m/02jjt', '/m/02jjt']",2018-05-23T02:05:02Z,US,1591955262,7500000,319,"['/m/019_rr', '/m/02wbm', '/m/02jjt']"
21,2021-02-01T18:01:19Z,Z0QpdzhZmJ8,2021-01-31T16:00:10Z,Moms Rate Each Other's Cornbread,UCcOWHZl_mlhs2Yjo9Lyhb7g,Cocoa Butter,https://i.ytimg.com/vi/Z0QpdzhZmJ8/default.jpg,22,"Battle of the cornbread! 3 mom's battle it out to see who has the best cornbread.


Cocoa Butter
Your destination for Black culture and entertainment. We are timely, relevant, connected a moving at the speed of culture. Join the community. Subscribe: https://www.youtube.com/cocoabutter

GET MORE BUZZFEED:
https://www.buzzfeed.com
https://www.buzzfeed.com/videos
https://www.youtube.com/buzzfeedvideo
https://www.youtube.com/asis
https://www.youtube.com/buzzfeedmultiplayer
https://www.youtube.com/buzzfeedunsolvednetwork
http://youtube.com/buzzfeedceleb
https://www.youtube.com/perolike 
https://www.youtube.com/buzzfeedviolet 
https://www.youtube.com/goodful
https://www.youtube.com/nifty
https://www.youtube.com/buzzfeedtasty
https://www.youtube.com/bringme
https://www.youtube.com/c/CocoaButter
https://www.youtube.com/abouttoeat

Credits: https://www.buzzfeed.com/bfmp/videos/121617
MUSIC

Licensed via Audio Network
SFX Provided By AudioBlocks
(https://www.audioblocks.com)


VIDEO
Explosion Golden Confetti Fountain on a green screen
studiodav/Getty Images
Cornmeal
arinahabich/Getty Images


https://www.youtube.com/c/cocoa-butter","['buzzfeed', 'buzzfeedcocoabutter', 'buzzfeed cocoa butter', 'cocoa butter', 'cb', 'corn bread', 'best corn bread', ""Moms Rate Each Other's Cornbread"", ""moms try each other's corn bread"", 'moms corn bread', 'corn bread recipe', 'who makes the best corn bread', 'taste test', 'reaction', 'corn bread taste test', ""rating each others' corn bread"", ""rating each others' food"", ""tasting each others' corn bread"", ""tasting each others' food""]",152335,5337,120,792,PT6M9S,,['/m/02wbm'],2019-10-24T18:31:24.159785Z,US,3680373,50200,48,"['/m/02jjt', '/m/019_rr', '/m/02wbm']"
22,2021-02-01T18:01:19Z,kzNZ4Ev1FBE,2021-01-31T16:59:22Z,WEâ€™RE ENGAGED! He staged a fake water rescue for the Sweetest Surprise Proposal â¤ï¸ (Tyler & Angela),UCfcZ1wCEBRbNJQJx9tDaWxw,Tangela Inc.,https://i.ytimg.com/vi/kzNZ4Ev1FBE/default.jpg,22,"Soooo about that social media break... Weâ€™ve been taking some time offline to enjoy ourselves the past few weeks and celebrate this... OUR ENGAGEMENT!

01/10/2021 our lives changed forever. â¤ï¸

We hope you enjoy watching the build up to one of the best days of our lives. Thank you all for following along on our journey so far! 

Special thank you to:
Videography - Eddie & Brianna Tucker
Tkrfilms.com
@tkrfilms

Photography - Ian V Santiago & Savannah McGraw 
Www.Ivsphotography.com
@ivsphoto 
@savannahmcgraw

Scheming assistance -
Chase, Juju, & Fred Rummans

FOLLOW US: 
Instagram:  https://www.instagram.com/tylercrispen2
                     https://www.instagram.com/angelarummans
                  
Website:  http://www.tangelainc.com (Angela's cookbook sold HERE!) 

Naut & Chain (Our Jewelry Company!):  http://www.nautandchain.com

Email: angela@tangelainc.com


Musicbed SyncID:
MB01EQDWRQLWM34","['wedding proposal', 'Engagement', 'Proposal', 'Epic proposal', 'Best proposal', 'Tyler and Angela proposal', 'Tyler and Angela engagement', 'Tyler Crispen', 'Angela Rummans', 'Bb20', 'Big brother', 'Big brother 20', 'Big brother all stars', 'Tangela', 'Tangelainc', 'Big brother couples', 'Surprise proposal', 'Water rescue', 'Lifeguard', 'Tiktok compilation', 'Hilton head island', 'Emotional proposal', 'Engagement ring', 'Marriage proposal', 'Love', 'Love island', 'Tv couples', 'Celebrity couples']",168625,5642,145,636,PT14M47S,,,2013-02-15T21:58:58Z,,1492423,31200,42,"['/m/019_rr', '/m/02wbm']"
23,2021-02-01T18:01:19Z,ald6Ma0vEW4,2021-01-29T20:00:10Z,Lil Durk - Kanye Krazy (Directed by Cole Bennett),UCtylTUUVIGY_i5afsQYeBZA,Lyrical Lemonade,https://i.ytimg.com/vi/ald6Ma0vEW4/default.jpg,24,"Lyrical Lemonade Presents:

Lil Durk - Kanye Krazy (Official Music Video)
https://smarturl.it/TheVoiceDeluxe

Directed & Edited: Cole Bennett 
Song Produced by:  Karltin Banks, LondnBlue, John Lam & Tahj Money

VFX & Coloring:  Scissor Films 
Post Producer: Sam Malko 
Animation by Tristan Zammit & Nick Szopko
DP: Brett Arndt 
1st AC: Eric Gauntt 
2nd AC: Kourosh Farhangi 
JIB Operator: Dave Romeo 
JIB Technician: Brian Williams 
Steadicam: Renard Cheren 

Gaffer: Chad McClellan 
Key Grip: Noah Kelly
BBE: Arthur Garcia
BBG: Kyle Thor
Swing: Collin Gallivan

Key Wardrobe: Aunna Kelly 
Key Wardrobe: Rasheeda Ameera 
Tailor: Kevin Mayes 
Wardrobe Asst: Iry Barrett 
Wardrobe Asst: Stephanie Amelie 
Wardrobe Asst: Roper 
Wardrobe Asst: Aunah Lee 

Casting: Mill Ticket Entertainment
Choreographer: Brittania Jones

Production Design: Fusina Designs 
Production Designer: Cody Fusina 
Art Director: Rashi Jain 
Lead Builder: Steve Andrews 
Set Decorator: Andrew Caso 
Set Dresser: Asad Khan 
Set Dresser: Carlos Hernandez 
Set Dresser: Travis Moelter 
Set Dresser: Ritka Ramesh 
Truck PA: Caleb Kephart

AD: Kelo Thompson
2AD: Khyber Law
PA: Malachi Barnes
PA: Alex Padilla
PA: Harper Royal
PA: Kory Boyer
PA: Devin Duncan
Playback: DJ Kai 

Executive Producer: Salvatore Tarantino 
Producer: Jay Tauzin 
Associate Producer: Jake Millan 
Production Manager: Henrii Coleman 
Production Coordinator: Toni Sudimac

Lil Durk Socials:

http://instagram.com/lildurk
http://twitter.com/lildurk


--

Official Channel of Lyrical Lemonade 

Subscribe for updates on music videos, interviews, performance videos, etc.

Lyrical Lemonade's Hot 25 Spotify Playlist:
https://open.spotify.com/user/gh3vdz775oy18ah1wp9ucxsj5/playlist/5UuPeWDR2I8a8pORvW9vmr

Lyrical Lemonade Socials:

http://www.twitter.com/lyricalemonade
http://www.instagram.com/lyricalemonade
http://www.facebook.com/lyricalemonade
http://www.lyricallemonade.com


Cole Bennett Socials:

http://www.twitter.com/_colebennett_
http://www.instagram.com/_colebennett_

LENNY ~ a hidden character representing happiness & good energy
http://instagram.com/lenny","['Lil Durk', 'Kanye Krazy', 'Kanye West', 'Taylor Swift', 'VMA', 'MTV', 'Sway', 'Bound 2', 'I Love It', 'Lil Pump', 'Runaway', 'Stronger', 'Heartless', 'Sunday Service', 'Famous', 'Lyrical Lemonade', 'Cole Bennett', 'The Voice', 'Music Video', '2021', 'Durkio', 'Smurkio', 'OTF', 'Make America OTF Again']",6235675,330107,19708,26720,PT2M35S,,,2013-03-25T21:25:06Z,US,7197094166,16700000,377,"['/m/04rlf', '/m/0glt670']"
24,2021-02-01T18:01:19Z,AITRzvm0Xtg,2021-01-30T20:00:11Z,Identity: A Trans Coming Out Story | Philosophy Tube â˜…,UC2PA-AKmVpU6NKCGtZq_rKQ,Philosophy Tube,https://i.ytimg.com/vi/AITRzvm0Xtg/default.jpg,27,"SUR-PRISE! âœ¨ðŸ‘‘ https://www.patreon.com/PhilosophyTube

Starring Rhys Tees as 'The Man Who Isn't There' https://www.youtube.com/channel/UCR-xtvvgWqy2t_GGJ64iosA

Subscribe! http://tinyurl.com/pr99a46

Paypal.me/PhilosophyTube

Twitter: @PhilosophyTube

Email: philosophytubebusiness@gmail.com

Facebook: http://tinyurl.com/jgjek5w

realphilosophytube.tumblr.com

BIBLIOGRAPHY:
Elizabeth Alexander, â€œComing Out Blackened and Whole,â€ in American Literary History
Anansiâ€™s Library, â€œFrantz Fanon, Blackness, and Gender Identityâ€
Cameron Awkward-Rich, â€œThinking Black [Trans] Gender,â€ in American Quarterly 
Talia Bettcher, â€œTrapped in the Wrong Theory: Rethinking Trans Oppression and Resistance,â€ in Signs
Christine Burns (ed.), Trans Britain
KimberlÃ© Crenshaw, â€œDemarginalising the Intersection of Race and Sex: A Black Feminist Critique of Antidiscrimination Doctrine, Feminist Theory and Antiracist Politicsâ€
Rene Descartes, Meditations
Nancy Fraser, â€œSocial Justice in the Age of Identity Politics: Redistribution, Recognition, Participationâ€ 
Michel Foucault, The History of Sexuality
Kai M. Green & Marquis Bey, â€œWhere Black Feminist Thought and Trans* Feminism Meet: A Conversation,â€ in Souls
Eva Hayward, â€œMore Lessons From Starfish: Prefixial Flesh and Transspeciated Selves,â€ in Womenâ€™s Studies Quarterly
Owen Jones, â€œFeminist icon Judith Butler on JK Rowling, trans rights, feminism and intersectionalityâ€
John Locke, â€œOf Identity and Diversity,â€ in An Essay Concerning Human Understanding
Audre Lorde, â€œLearning from the 60sâ€
Audre Lorde, Zami: A New Spelling of My Name
Charles Mills, Blackness Visible
Mia Mulder, Transsexuals and Suffering
NikkieTutorials, â€œIâ€™m Coming Outâ€
Juno Roche, Trans Power
Julia Serano, Whipping Girl
Sydney Shoemaker, â€œPersons and Their Pasts,â€ in American Philosophical Quarterly
C. Riley Snorton, Black on Both Sides
Dean Spade, Normal Life
Eric Stanley, â€œAnti-Trans Optics: Recognition, Opacity, and the Image of Force,â€ in South Atlantic Quarterly
G.F. Stout, Mind and Matter
Christine Tayleur, â€œRacism and Poverty in the Transgendered Community,â€ in Gendertrash
Sylvia Wynter, â€œTowards the Sociogenic Principle,â€ in National Identity and Sociopolitical Change 
Keeanga-Yamatha Taylor (ed.), How We Get Free
George Yancy, â€œBlack Trans Feminist Thought Can Set Us Free,â€ in Truthout 

Original Music by Nina Richards - https://www.ninarichards.co.uk/

#Identity","['philosophy', 'philosophy tube', 'identity', 'trans', 'transgender', 'LGBT', 'Abigail Thorn', 'audre lorde', 'feminism', 'identity politics', 'john locke']",901466,102248,4335,15619,PT37M40S,,"['/m/02jjt', '/m/02jjt']",2013-05-31T07:38:32Z,,53345684,856000,288,['/m/02jjt']
25,2021-02-01T18:01:19Z,CIWUzMwwNhY,2021-02-01T02:42:51Z,"NETS at WIZARDS | FULL GAME HIGHLIGHTS | January 31, 2021",UCWJ2lWNubArHWmf3FIHbfcQ,NBA,https://i.ytimg.com/vi/CIWUzMwwNhY/default.jpg,17,"NETS at WIZARDS | FULL GAME HIGHLIGHTS | January 31, 2021

Russell Westbrook (41 PTS, 10 REB, 8 AST) and Bradley Beal (37 PTS, 22 in the 4th quarter) combined for 78 PTS for the Washington Wizards as they defeated the Brooklyn Nets, 149-146. Kevin Durant led the Nets with 37 PTS, along with 7 REB and 6 AST.

Next Games:
LA Clippers at Brooklyn Nets - Feb. 2 at 7:30pm/et on TNT
Portland Trail Blazers at Washington Wizards - Feb. 2 at 8pm/et on NBA League Pass

Subscribe to the NBA: https://on.nba.com/2JX5gSN 

Full Game Highlights Playlist: https://on.nba.com/2rjGMge

For news, stories, highlights and more, go to our official website at https://nba_webonly.app.link/nbasite

Get NBA LEAGUE PASS: https://nba.app.link/nbaleaguepass5","['NBA', 'G League', 'Basketball', 'game-0022000310', 'Nets', 'Wizards', 'Pass', 'Assist', 'Dunk', 'Jump Shot', 'Steal', 'Rebound', 'Offense', 'Defense', 'Three', 'Three-Pointer', 'Triple', 'Mid-Range', 'Jumper', 'Fadeaway', 'Highlight', 'Highlights', 'Play', 'Plays', 'Double-Double', 'Triple-Double', 'NBA Season', '2020-21 Season', 'Full Game Highlights', 'Full Game Recap', 'Fantastic Finish', 'Top Performance', 'Russell Westbrook', 'Westbrook', 'Russ', 'Beal', 'Bradley Beal']",1530863,18306,607,4478,PT9M31S,"{'allowed': ['CA', 'IN', 'US', 'PH']}",,2005-11-21T01:20:33Z,US,7947975086,15900000,34530,"['/m/018w8', '/m/06ntj']"
26,2021-02-01T18:01:19Z,uk_N-2dl8Vg,2021-01-31T04:08:21Z,"BREAKING: Matthew Stafford traded to Rams, Jared Goff to Lions | CBS Sports HQ",UCja8sZ2T4ylIqjggA1Zuukg,CBS Sports HQ,https://i.ytimg.com/vi/uk_N-2dl8Vg/default.jpg,17,"CBS Sports NFL Writer Ryan Wilson breaks down both sides of the Rams-Lions trade that sent two 1st round picks, a 3rd round pick, and Jared Goff to the Lions in exchange for Matthew Stafford. 

SUBSCRIBE TO OUR CHANNEL:
https://www.youtube.com/user/CBSSportsHQ
 
FOLLOW US ON:
Facebook - https://www.facebook.com/CBSSports/
Instagram - https://www.instagram.com/cbssports/
Twitter - https://twitter.com/CBSSportsHQ

#NFL #LARams #MattStafford #Stafford #Rams #LosAngeles #LAR #Football #DraftPicks","['CBS', 'CBS Sports', 'sports', 'cbs sports hq', 'sports hq', 'hq', 'nfl', 'nfl trade', 'matthew stafford', 'detroit lions', 'los angeles rams', 'jared goff', 'jared goff trade', 'nfl news', 'nfl free agency', 'matt stafford trade', 'detroit lions update', 'nfl trade news', 'matthew stafford rams']",306708,1956,153,1581,PT9M42S,,"['/m/06ntj', '/m/0jm_', '/m/06ntj', '/m/0jm_']",2007-07-19T10:28:44Z,US,138479627,326000,7200,"['/m/06ntj', '/m/0jm_', '/m/019_rr']"
27,2021-02-01T18:01:19Z,rSTu1I5t700,2021-01-31T08:00:33Z,Pandemic Game Night - SNL,UCqFzWxSCi39LnW1JKFR3efg,Saturday Night Live,https://i.ytimg.com/vi/rSTu1I5t700/default.jpg,24,"A game night goes awry thanks to the secrets of some guests (John Krasinski, Cecily Strong, Aidy Bryant, Beck Bennett, Kyle Mooney, Heidi Gardner).

Saturday Night Live.  Stream now on Peacock: https://bit.ly/3j1IRUk

Subscribe to SNL: https://goo.gl/tUsXwM
Stream Current Full Episodes: http://www.nbc.com/saturday-night-live
 
WATCH PAST SNL SEASONS
Google Play - http://bit.ly/SNLGooglePlay
iTunes - http://bit.ly/SNLiTunes
 
SNL ON SOCIAL
SNL Instagram: http://instagram.com/nbcsnl
SNL Facebook: https://www.facebook.com/snl
SNL Twitter: https://twitter.com/nbcsnl
SNL Tumblr: http://nbcsnl.tumblr.com/
SNL Pinterest: http://www.pinterest.com/nbcsnl/
 
GET MORE NBC
Like NBC: http://Facebook.com/NBC
Follow NBC: http://Twitter.com/NBC
NBC Tumblr: http://NBCtv.tumblr.com/
YouTube: http://www.youtube.com/nbc
NBC Instagram: http://instagram.com/nbc
 
#SNL #JohnKrasinski #MachineGunKelly #SNL46","['snl', 'saturday night live', 'season 46', 'snl 46', 'john krasinski', 'john Krasinski snl', 'beck bennett', 'aidy Bryant', 'Heidi gardner', 'kyle mooney', 'Cecily strong', 'Andrew dismukes', 'lauren holt', 'punkie johnson', 'bowen yang', 'game night', 'game night snl', 'game night Saturday night live', 's46', 's46e10', 'episode 10', 'live', 'new york', 'comedy', 'sketch', 'funny', 'hilarious', 'late night', 'host', 'music', 'guest']",1404078,23468,1817,1300,PT3M54S,"{'blocked': ['KY', 'PY', 'PS', 'KW', 'PH', 'KH', 'KN', 'KM', 'PA', 'PF', 'PG', 'KE', 'PE', 'DJ', 'TL', 'UG', 'HK', 'HN', 'HT', 'UY', 'SR', 'IQ', 'IS', 'IR', 'IL', 'VN', 'IN', 'ID', 'VG', 'SV', 'FM', 'FR', 'SS', 'NE', 'NG', 'NA', 'SZ', 'SY', 'NO', 'NI', 'SC', 'SA', 'SG', 'SE', 'SD', 'SO', 'SN', 'NZ', 'SL', 'CA', 'CG', 'CF', 'CK', 'CI', 'CO', 'CM', 'CL', 'CR', 'CW', 'CV', 'CY', 'TG', 'TD', 'TC', 'TN', 'TO', 'OM', 'TH', 'TW', 'TT', 'TZ', 'ZM', 'RW', 'YE', 'DZ', 'LC', 'LA', 'DE', 'QA', 'LY', 'DO', 'DM', 'LR', 'LS', 'AE', 'AD', 'AG', 'AF', 'SX', 'AO', 'AI', 'AU', 'AW', 'AS', 'AR', 'ES', 'ER', 'MM', 'ML', 'MO', 'MN', 'MA', 'ZA', 'MG', 'MY', 'EC', 'MZ', 'EG', 'VE', 'MQ', 'EH', 'MS', 'MR', 'MU', 'MT', 'MW', 'ZW', 'BB', 'BF', 'ET', 'BI', 'BJ', 'BM', 'BN', 'BO', 'BR', 'BS', 'BW', 'BZ', 'VC', 'JP', 'LB', 'JM', 'JO', 'GN', 'GM', 'GH', 'GF', 'GD', 'GA', 'BH', 'GY', 'GT', 'GQ', 'GP']}","['/m/02jjt', '/m/0f2f9', '/m/02vxn', '/m/02jjt', '/m/02vxn', '/m/0f2f9']",2013-07-23T21:32:27Z,US,10801223485,11400000,7464,"['/m/02jjt', '/m/0f2f9']"
28,2021-02-01T18:01:19Z,YRmVQ2-qavE,2021-01-31T15:00:11Z,FRIDAY NIGHT FUNKIN' mod EVIL BOYFRIEND vs Corrupt SKID n PUMP,UCRab81QtbYFqbnkvhYC9G4A,Phantom Fear,https://i.ytimg.com/vi/YRmVQ2-qavE/default.jpg,20,"FRIDAY NIGHT FUNKIN' week 5 chrismas update mod! EVIL BOYFRIEND vs Corrupt SKID and PUMP!

This fnf mod adds a creepy lemon demon version of the bf as well as the gf from the new week 5 christmas update. This weeks of the mod is against the corrupt spooky kids, skid and pump!

With Pico defeated, who is left to prevent the corruption..?

It is currently a work in progress, subscribe for more updates!

--------------------------------------------------------------------------------------------------------------
The support on these videos has been insane! Thank you everyone!
You can chat or send fan art here!:
Discord: https://discord.gg/Qme6yqf
--------------------------------------------------------------------------------------------------------------

Credits:
Mod: PhantomFear
HUD (Icons, arrows, text): @OfficialModachi
Background: PincerProd (Youtube)
Spookeez remix by: RenRenNumberTen
https://youtu.be/sJ1AVeJl0ic","[""friday night funkin'"", 'friday night funkin', 'mod', 'week 5', 'christmas', 'friday night funking', 'fnf', 'friday night funkin week 5', 'update', 'evil', 'creepy', 'lemon demon', 'girlfriend', 'boyfriend', 'gf', 'bf', 'pico', 'remix', 'corruption', 'corrupt', 'infection', 'pick', 'piko', 'keith', 'kieth', 'spooky kids', 'skid', 'pump', 'au']",699353,32831,283,9149,PT3M27S,,['/m/02lkt'],2014-05-26T21:11:06Z,GB,5123126,38200,149,"['/m/025zzc', '/m/0403l3g', '/m/0bzvm2']"
29,2021-02-01T18:01:19Z,Xi-cmbVzRDE,2021-01-31T15:00:08Z,Resolve || DreamSMP Animatic,UCYNdP0iy6rP6CTJ-4BG05Kg,Late-August,https://i.ytimg.com/vi/Xi-cmbVzRDE/default.jpg,22,"Hi. I recommend watching ""Desolate"" again before you see this one so you have an idea of where I left off. I wanted someone to be able to watch all three in a row and have them link up timeline-wise.

Song this time around is ""Line of Sight"" by ODESZA. I had a few others I was tossing around but this is the one that stuck. I really hope you enjoy this one, these big projects are very draining. On that note, I think I'm gonna take a break from making these huge animatics...

My plan moving forward is this:

Livestreaming - In a day or so I'd like to do a livestream (at twitch.tv/late_august_) where I go over this animatic panel by panel. I think it will help me arrange my thoughts so that I can make a better process video. Coincidentally, my second item on the list is:

Process video - I said I wanted to do it and I still do, problem is that I'm not a great explainer when it comes to the creative process. I will try my best though.

Smaller projects - I have some ideas for a few DreamSMP projects that will (hopefully) take less time and will allow me to try out new styles and editing techniques

Personal projects - I know it's not what you're here for, but I've got some original ideas that I'm excited about. Hope that's not too heartbreaking.

Here's some links to socials. I'm @late_august_ on almost everything. Follow me:
Instagram - https://instagram.com/late_august_
Twitter - https://twitter.com/late_august_
Twitch - https://www.twitch.tv/late_august_

Share the video around if you like it, it helps me a bunch. I don't make any money from these videos (any ads you see are put there by the record label that copyright claimed the video) so if you want to support me I have a venmo @late_august_ and a redbubble shop (redbubble.com/people/in-late-august). Prints and stickers for this animatic will be up soon.",,261359,70063,127,5521,PT3M57S,,"['/m/04rlf', '/m/064t9', '/m/02lkt', '/m/04rlf', '/m/02lkt']",2020-05-27T19:26:46.449952Z,US,3996112,103000,4,"['/m/02jjt', '/m/02vxn']"
30,2021-02-01T18:01:19Z,4OCHLy5rP58,2021-01-30T00:00:15Z,"the entire history of minecraft, i guess",UCIDQSqdVuNwtfRMKqfX-o7g,Sipover,https://i.ytimg.com/vi/4OCHLy5rP58/default.jpg,22,"the entire history of minecraft, i guess. 

HELP ME HIT 175K SUBSCRIBERS BEFORE JANUARY ENDS!

Video inspired by bill wurtz :)

Twitch: https://www.twitch.tv/sipovers

Twitter: https://twitter.com/SipoverS

Instagram: SipoverS 

Discord: https://discord.gg/qFrX5Qb

minecraft: dying
Dream manhunts and pewdiepie: hello","['minecraft', 'slipover', 'sipover', 'sleepover', 'history']",1919778,89813,2474,6688,PT13M3S,,"['/m/0bzvm2', '/m/02ntfj', '/m/0403l3g', '/m/025zzc', '/m/0bzvm2', '/m/0403l3g']",2014-05-13T02:48:58Z,,22455637,179000,14,"['/m/025zzc', '/m/0403l3g', '/m/0bzvm2']"
31,2021-02-01T18:01:19Z,X-sdnrLGrec,2021-01-31T16:03:56Z,"How the Rockets turned back-to-back champions into a bunch of fed-up, beat-up, washed-up stars",UCDRmGMSgrtZkOsh_NQl4_xw,Secret Base,https://i.ytimg.com/vi/X-sdnrLGrec/default.jpg,17,"From Choke City to Clutch City, the Houston Rocket of the mid-nineties were so cool. They took the '94 title and everyone was like ""that's just cuz Jordan switched sports!"" So, they clawed their way up from the 6th seed to win it all again in 1995.

The only trouble? When you rise so high, you have farther to fall.

A short-sighted desire to capitalize on aging stars quickly (that'd be Hakeem Olajuwon and Clyde Drexler), and worry about the future later, led to injuries decimating seasons (poor Charles Barkley), backcourt weakness (prob shouldn't have traded away Sam Cassell), bruised egos (looking at you Scottie Pippen) and the end of an era. The Clutch City Rockets couldn't last forever.

Written and produced by: Clara Morris
Directed and edited by: Jiazhen Zhang
Motion graphics by: Mike Das

Enter the Secret Base: http://www.sbnation.com/secret-base
Follow us on Twitter: https://twitter.com/secretbase
Check out our full video catalog: http://goo.gl/9pMHRV
Visit our playlists: http://goo.gl/NvpZFF
Explore SB Nation: http://www.sbnation.com","['hakeem olajuwon', 'charles barkley', 'scottie pippin', 'steve francis', 'clyde drexler', 'sam cassell', 'nba', 'basketball', 'robert horry', 'rudy tomjanovich', 'rockets', 'houston rockets', 'vernon maxwell', 'clutch city', 'houston rockets 1995', 'houston rockets 1994', 'sb nation', 'sbnation', 'secret base', 'collapse', 'clara morris', 'rockets v jazz', 'rockets jazz 1997']",193912,8887,184,816,PT14M57S,,['/m/018w8'],2007-05-20T09:18:54Z,US,360832935,1010000,3527,"['/m/06ntj', '/m/018w8', '/m/0jm_']"
32,2021-02-01T18:01:19Z,zUmlXS-xINo,2021-01-30T14:15:01Z,I let my viewers buy things with MY MONEY...,UCJhTTqtsvThK99_IbNDtwSw,FundyLIVE,https://i.ytimg.com/vi/zUmlXS-xINo/default.jpg,20,"So I let my viewers buy things with my money, and this was a horrible mistake...
TWITCH: https://www.twitch.tv/fundylive
MAIN CHANNEL: https://www.youtube.com/fundy

Editor: https://twitter.com/TalentLacking

Today we didn't play on the dream smp, but instead I did something unique and custom on stream as opposed to Minecraft. I let my viewers on Twitch choose what to buy, and they could use my money for free. A bunch of friends like 5up, tubbo, james, and some others came into the stream to make me buy things, and overall this was an incredibly fun but crazy stream. I really hope you enjoy this one!!","['fundy', 'fundylive', 'itsfundy', 'fundy minecraft', 'fundy highlights', 'fundylive highlight', 'fundy twitch', 'fundy amazon', 'amazon buy stream', 'amazon stream', 'fundy amazon buy', 'fundy stream', 'fundy livestream', 'fundy vods', 'fundy clips', 'ludwig amazon', 'ludwig amazon stream', 'unboxing', 'fundy unboxing', 'fundy furry', 'furry', 'fundy furry meme', 'fundy fursuit meme', 'fundy fursuit', 'tubbo', 'james', '5up', '5up and fundy', 'fundy and 5up', 'fundy buying', 'fundy laugh', 'fundy funny moments', 'fundy dream smp', 'dream smp']",1530608,139468,1161,6351,PT21M34S,,"['/m/0bzvm2', '/m/0bzvm2']",2020-07-09T12:45:52.896649Z,NL,20124222,864000,16,"['/m/0403l3g', '/m/025zzc', '/m/0bzvm2']"
33,2021-02-01T18:01:19Z,p6aLhDRJwxk,2021-01-30T18:22:23Z,MOM HACKS â„  | Valentine's Day! (Ep. 19),UCMfXv2enRXepxG92VoxfrEg,WhatsUpMoms,https://i.ytimg.com/vi/p6aLhDRJwxk/default.jpg,24,"Enjoy 16 Hacks to make your Valentine's Day a bit sweeter. =)  Previous MOM HACKS â„  .... 

Ep. 1 Grocery Shopping: https://youtu.be/SRsUyLr47_g
Ep. 2 Arts & Crafts: https://youtu.be/vwMH9eJGTcU
Ep. 3 Laundry Edition: https://youtu.be/qDJgt-sto-Q
Ep. 4 The Holidays: https://youtu.be/_V0lVfYjLpQ
Ep. 5 Bath Time: https://youtu.be/otWA2R-GUuI
Ep. 6 Strollers: https://youtu.be/RshuZSGv71c
Ep. 7 Dad Edition: https://youtu.be/E_9E6pl_l6c
Ep. 8 Sick and Ouchie: https://youtu.be/RbK1FUPX508
Ep. 9 Toy Organization: https://youtu.be/v8pQq2v3WKo
Ep. 10 Thanksgiving! https://youtu.be/Ku3y5Phsc2Q
Ep. 11 Doll Edition:  https://youtu.be/QGfRyRk2oOY
Ep. 12 Back to School!: https://youtu.be/MPTVr-T5ui8
Ep. 13 Halloween: https://youtu.be/hA0JQDIbcic
Ep. 14 Bedtime:  https://youtu.be/dLlX8OeN9I4
Ep. 15 Inside Activities:  https://youtu.be/VyoKvL2RYhw 
Ep. 16 Saving Money: https://youtu.be/U5lmjHn-5lw
Ep. 17 Road Trip: https://youtu.be/IIJuNwY-6G4
Ep. 18 Movie Night: https://youtu.be/edZ4cnz2avg

Follow What's Up Moms at: 
Facebook: https://www.facebook.com/WhatsUpMoms
Instagram! http://instagram.com/whatsupmoms
Twitter: http://www.twitter.com/whatsupmoms
Pinterest: http://www.pinterest.com/whatsupmoms

We provide our videos for entertainment and promotional purposes only. It is your responsibility to evaluate the accuracy, timeliness, completeness, or usefulness of the content, instructions and advice contained in our videos. WUM is not liable for any loss or damage caused by your reliance on anything contained in our videos.","['Mom Hacks', ""What's Up Moms"", 'Whatsupmoms', ""Valentine's Day"", 'Valentines', 'Kids Activities', 'Hacks', 'Heart Shaped', 'DIY', 'Craft', 'Soap Flowers', 'Ideas']",699581,18052,372,1083,PT3M51S,,"['/m/03glg', '/m/019_rr', '/m/019_rr', '/m/03glg']",2012-04-03T20:56:15Z,US,2487595616,3200000,864,"['/m/019_rr', '/m/02wbm']"
34,2021-02-01T18:01:19Z,i-uYAtlhLXY,2021-01-31T05:57:00Z,Twins - SNL,UCqFzWxSCi39LnW1JKFR3efg,Saturday Night Live,https://i.ytimg.com/vi/i-uYAtlhLXY/default.jpg,24,"Two news anchors (Cecily Strong, Beck Bennett) are disturbed by their guestâ€™s (John Krasinski) unsettling twins (Kate McKinnon, Mikey Day).

Saturday Night Live.  Stream now on Peacock: https://bit.ly/3j1IRUk

Subscribe to SNL: https://goo.gl/tUsXwM
Stream Current Full Episodes: http://www.nbc.com/saturday-night-live
 
WATCH PAST SNL SEASONS
Google Play - http://bit.ly/SNLGooglePlay
iTunes - http://bit.ly/SNLiTunes
 
SNL ON SOCIAL
SNL Instagram: http://instagram.com/nbcsnl
SNL Facebook: https://www.facebook.com/snl
SNL Twitter: https://twitter.com/nbcsnl
SNL Tumblr: http://nbcsnl.tumblr.com/
SNL Pinterest: http://www.pinterest.com/nbcsnl/
 
GET MORE NBC
Like NBC: http://Facebook.com/NBC
Follow NBC: http://Twitter.com/NBC
NBC Tumblr: http://NBCtv.tumblr.com/
YouTube: http://www.youtube.com/nbc
NBC Instagram: http://instagram.com/nbc
 
#SNL #JohnKrasinski #MachineGunKelly #SNL46","['snl', 'saturday night live', 'season 46', 'snl 46', 'snl host', 'john krasinski', 'john Krasinski snl', 'beck bennett', 'mikey day', 'Heidi gardner', 'kate mckinnon', 'Cecily strong', 'twins snl', 'Saturday night live twins', 'news show', 'crosstalk', 'joe biden', 'artwork', 'children', 'republicans', 'the shining', 'covid-19', 'coronavirus', 'coronavirus vaccine', 'vaccine roll out plan', 'centipede', 'sculpture', 'gory art', 'scary', 'wall street', 'stock market', 'the dividend', 'snl news', 'Saturday night live news', 's46', 's46e10']",1165450,26256,702,1141,PT4M55S,"{'blocked': ['KY', 'PY', 'PS', 'KW', 'PH', 'KH', 'KN', 'KM', 'PA', 'PF', 'PG', 'KE', 'PE', 'DJ', 'TL', 'UG', 'HK', 'HN', 'HT', 'UY', 'SR', 'IQ', 'IS', 'IR', 'IL', 'VN', 'IN', 'ID', 'VG', 'SV', 'FM', 'FR', 'SS', 'NE', 'NG', 'NA', 'SZ', 'SY', 'NO', 'NI', 'SC', 'SA', 'SG', 'SE', 'SD', 'SO', 'SN', 'NZ', 'SL', 'CA', 'CG', 'CF', 'CK', 'CI', 'CO', 'CM', 'CL', 'CR', 'CW', 'CV', 'CY', 'TG', 'TD', 'TC', 'TN', 'TO', 'OM', 'TH', 'TW', 'TT', 'TZ', 'ZM', 'RW', 'YE', 'DZ', 'LC', 'LA', 'DE', 'QA', 'LY', 'DO', 'DM', 'LR', 'LS', 'AE', 'AD', 'AG', 'AF', 'SX', 'AO', 'AI', 'AU', 'AW', 'AS', 'AR', 'ES', 'ER', 'MM', 'ML', 'MO', 'MN', 'MA', 'ZA', 'MG', 'MY', 'EC', 'MZ', 'EG', 'VE', 'MQ', 'EH', 'MS', 'MR', 'MU', 'MT', 'MW', 'ZW', 'BB', 'BF', 'ET', 'BI', 'BJ', 'BM', 'BN', 'BO', 'BR', 'BS', 'BW', 'BZ', 'VC', 'JP', 'LB', 'JM', 'JO', 'GN', 'GM', 'GH', 'GF', 'GD', 'GA', 'BH', 'GY', 'GT', 'GQ', 'GP']}","['/m/02jjt', '/m/0f2f9', '/m/02vxn', '/m/02jjt', '/m/0f2f9', '/m/02vxn']",2013-07-23T21:32:27Z,US,10801223485,11400000,7464,"['/m/02jjt', '/m/0f2f9']"
35,2021-02-01T18:01:19Z,hr2jCc10AxI,2021-01-31T04:49:05Z,"Caleb Plant roughs up Caleb Truax, wins by unanimous decision | HIGHLIGHTS | PBC ON FOX",UCxm10NbD7LF1fVYcbHbcbXg,PBC ON FOX,https://i.ytimg.com/vi/hr2jCc10AxI/default.jpg,17,"IBF Super Middleweight Champion Caleb Plant (21-0) put on a boxing clinic in Saturday night's main event against former champ Caleb Truax. The Plant stays undefeated, moving to a 21-0 record, and had a message for Canelo Alvarez after the fight.

#PBConFOX #PBC #CalebPlant #CalebTruax 

SUBSCRIBE for more from PBC ON FOX: http://foxs.pt/SubscribePBCONFOX
The all-new FOX Sports App, built for the modern sports fan: https://tinyurl.com/y4uouolb

â–ºFOX Sports YouTube channel: http://foxs.pt/SubscribeFOXSPORTS
â–ºWWE ON FOX YouTube channel: https://foxs.pt/SubscribeWWEONFOX
â–ºFOX Soccerâ€™s YouTube channel: https://foxs.pt/SubscribeFOXSOCCER
â–ºNASCAR ON FOX YouTube channel: https://foxs.pt/SubscribeNASCARonFOX
â–ºCFB ON FOX YouTube channel: https://foxs.pt/SubscribeCFBonFOX
â–ºSPEED - MOTORS on FOXâ€™s YouTube Channel: https://foxs.pt/SubscribeSPEED

See more from PBC ON FOX: http://foxs.pt/PBCONFOXFoxSports 
Like PBC ON FOX on Facebook: http://foxs.pt/PBCONFOXFacebook 
Follow PBC ON FOX on Twitter: http://foxs.pt/PBCONFOXTwitter 
Follow PBC ON FOX on Instagram: http://foxs.pt/PBCONFOXInstagram 

About PBC ON FOX:
The official FOX Sports home of PBC coverage. We see every jab, cross, and knockout and share it with you, THE FAN. Our talent includes past and current PBC fighters such as Lennox Lewis, Shawn Porter, Tony Harrison, Abner Mares, and many more.

PBC ON FOX content includes highlights, press conferences, weigh-ins and analysis from all PPV events and Fight Nights on FOX and FS1. Youâ€™ll also find clips from original studio shows like â€˜Inside PBC Boxingâ€™ and â€˜PBC Face to Faceâ€™ as well as the best from the top athletes in the sport.

Caleb Plant roughs up Caleb Truax, wins by unanimous decision | HIGHLIGHTS | PBC ON FOX
https://youtu.be/hr2jCc10AxI

PBC ON FOX
https://www.youtube.com/c/PBConFOX","['boxing', 'boxing highlights', 'premiere boxing champions highlights', 'pbc youtube', 'knockout', 'tko', 'pbc knockout', 'pbc', 'pbc on fox', 'premiere boxing champions', 'fox sports', 'sports', 'Caleb Plant', 'Caleb', 'Plant', 'CalebPlant', 'Caleb Plant vs Caleb Truax', 'Truax', 'CalebTruax', 'IBF Super Middleweight Champion', 'Canelo Alvarez', 'Canelo', 'Alvarez', 'CaneloAlvarez', 'plant vs truax', 'super middleweight', 'caleb plant boxing', 'caleb plant caleb truax', 'caleb plant vs caleb truax highlights', 'caleb plant highlights']",157208,2013,198,1279,PT7M49S,,"['/m/06ntj', '/m/01cgz', '/m/022dc6', '/m/06ntj', '/m/01cgz']",2018-12-20T21:15:53Z,US,194325010,517000,497,"['/m/01cgz', '/m/06ntj', '/m/019_rr']"
36,2021-02-01T18:01:19Z,3n-gWR0mk6k,2021-01-29T19:00:03Z,I'M BUILDING A BETTER BOY,UCSUf5_EPEfl4zlBKZHkZdmw,Danny Gonzalez,https://i.ytimg.com/vi/3n-gWR0mk6k/default.jpg,23,"Thanks to Hello Fresh for sponsoring this video. Use code 10TRULYGREG to get 10 FREE MEALS across your first 4 HelloFresh boxes, including free shipping on your first box at https://bit.ly/34zo84Q

Support Me
MERCH â–º http://dannygonzalez.store

Follow Me
INSTAGRAM â–º https://www.instagram.com/dannygonzalez/
TWITTER â–º https://twitter.com/dannygonzalez
SECOND CHANNEL â–º https://www.youtube.com/c/2Danny2Furious
SPOTIFY â–º https://open.spotify.com/artist/6pDkmNhHCLh7YEb3sXceOs?si=8ZpMgF41SoufOS1UZ4vbkg

WHY DO I CALL MY FANS GREG?
Greg is the strongest family on the internet, we're the fastest growing channel on Youtube, and we make fire content. So, instead of making up some pun using my name and calling my fans that, I decided to use a different name entirely. A name so strong, haters tremble when it is spoken. WE ARE GREG. AND WE ARE TAKING OVER THE INTERNET. And all you have to do to join is hit subscribe and turn on notifications. 

#dannygonzalez","['danny gonzalez', 'funny', 'commentary', 'comedy', 'react', 'reaction', 'reacting', 'awful', 'humor']",2636447,165165,1843,16147,PT20M16S,,"['/m/02jjt', '/m/02vxn', '/m/02jjt', '/m/02vxn']",2014-09-08T22:12:55Z,US,726913516,4310000,230,"['/m/02vxn', '/m/02jjt']"
37,2021-02-01T18:01:19Z,hcAibflv9bs,2021-01-30T14:00:23Z,When you can't tell if you're in the Friendzone...,UCdyMFblTjr-C2N-T5TGftQQ,Nathan Doan Comedy,https://i.ytimg.com/vi/hcAibflv9bs/default.jpg,24,"Inspired by: https://www.youtube.com/watch?v=Zy3xFeuX1TE

Music: https://www.youtube.com/watch?v=jHH6FH9KcCg

Filmed by: Isaiah Narisma
His Instagram: @Narisaiah

SUBSCRIBE: https://bit.ly/nathandoanâ€‹
MORE: https://www.youtube.com/watch?v=grVEDâ€‹...

Instagram: NathanDoan
Twitter: ImNathanDoan","['Friendzone', ""When you don't know if you're in the friendzone"", 'in the friendzone', 'Comedy', 'Skit', 'Friendzone Skit', 'Friendzone comedy', 'Nathan Doan', 'am i in the friendzone', ""When you're in the friendzone""]",1158612,75613,554,7195,PT4M42S,,,2016-04-26T23:19:28Z,US,234213051,1450000,62,['/m/02jjt']
38,2021-02-01T18:01:19Z,_OXk4RKZhaY,2021-01-30T19:52:44Z,HOW TO LAND ON THE MOON - Smarter Every Day 250,UC6107grRI4m0o2-emgoDnAA,SmarterEveryDay,https://i.ytimg.com/vi/_OXk4RKZhaY/default.jpg,28,"Get 1st Audiobook + full access to the Plus Catalog for free when you try Audible for 30 days https://www.audible.com/smarter or TXT smarter to 500500
Click here if you're interested in subscribing: http://bit.ly/Subscribe2SED
â‡Š  Click below for more links!  â‡Š
~~~~~~~~~~~~~~~~~~~~~~~~~~~~
GET SMARTER SECTION

A very special thank you to Wayne Ottinger
http://www.aletro.org/

Check out the AMAZING website by Ben Feist that synchronizes all Apollo data:
https://www.apolloinrealtime.org/

I had to find a lot of archival footage to make this video.  Thanks to Devin for helping me find the original Apollo LLTV footage from Ellington.

A special thank you to https://twitter.com/steveslater1987 for providing the footage and audio of the Neil Armstrong Interview after flying the LLTV.

~~~~~~~~~~~~~~~~~~~~~~~~~~~~
Tweet Ideas to me at:
http://twitter.com/smartereveryday

Smarter Every Day on Facebook
https://www.facebook.com/SmarterEveryDay

Smarter Every Day on Patreon
http://www.patreon.com/smartereveryday

Smarter Every Day On Instagram
http://www.instagram.com/smartereveryday

Smarter Every Day SubReddit
http://www.reddit.com/r/smartereveryday

Ambiance, audio and musicy things by: Gordon McGladdery 
https://www.ashellinthepit.com/
http://ashellinthepit.bandcamp.com/

If you feel like this video was worth your time and added value to your life, please SHARE THE VIDEO!

If you REALLY liked it, feel free to pitch a few dollars Smarter Every Day by becoming a Patron.
http://www.patreon.com/smartereveryday

Warm Regards,

Destin","['Smarter', 'Every', 'Day', 'Science', 'Physics', 'Destin', 'Sandlin', 'Education', 'Math', 'Smarter Every Day', 'experiment', 'nature', 'demonstration', 'slow', 'motion', 'slow motion', 'education', 'math', 'science', 'science education', 'what is science', 'Physics of', 'projects', 'experiments', 'science projects', 'apollo', 'space', 'astronauts', 'nasa', 'nasa astronauts', 'nasa apollo', 'Rockets', 'physics']",507860,38085,403,2816,PT22M58S,,"['/m/07yv9', '/m/019_rr', '/m/019_rr', '/m/07yv9']",2006-04-04T04:12:24Z,US,896661425,9400000,335,"['/m/07c1v', '/m/019_rr']"
39,2021-02-01T18:01:19Z,FG-TrnwH4iQ,2021-01-30T18:01:17Z,Coming Out As Trans - A Little Public Statement,UCNL8SCfixpPsU5shwmv9Kuw,Philosophy Tube Live,https://i.ytimg.com/vi/FG-TrnwH4iQ/default.jpg,24,"The text and video of this statement is free to share, quote, print, perform, adapt, remix, set to lofi music, or anything else your heart desires!
If you'd like to support me and my work you can sign up at http://patreon.com/philosophytube","['Abigail Thorn', 'Philosophy Tube', 'Trans', 'LGBT']",542291,63637,4566,9588,PT7M57S,,"['/m/02jjt', '/m/02jjt']",2019-04-13T14:00:41Z,GB,650506,56500,21,"['/m/02jjt', '/m/05qjc']"
40,2021-02-01T18:01:19Z,ft-48UejrxI,2021-01-29T05:00:12Z,Lil Durk - Finesse Out The Gang Way feat. Lil Baby (Official Lyric Video),UCaxOQZrF5llUMp-JjesUz1A,Lil Durk,https://i.ytimg.com/vi/ft-48UejrxI/default.jpg,10,"Stream ""The Voice"" Deluxe:
https://smarturl.it/TheVoiceDeluxe

Follow Lil Durk:
https://instagram.com/lildurk
https://twitter.com/lildurk
https://fb.com/lildurk
https://soundcloud.com/lildurk
http://officiallildurk.com

Subscribe to Lil Durk's official channel for exclusive music videos and behind the scenes looks: http://bit.ly/Subscribe-to-Durk

#lildurk #thevoicedeluxe #doit4von","['lil durk', 'lil durk music', 'lil durk music video', ""just cause y'all waited 2"", 'durkio', 'smurkio', 'lil durk official', 'drill', 'drill music', 'chicago hip hop', 'only the family', 'OTF', 'lil durk 2021', 'lil durk lil baby', 'lil baby lil durk', 'lil durk finesse out the gang way', 'lil baby finesse out the gang way', 'finesse out the gang way', 'lil baby', 'lil baby 2021', 'lil baby music', 'lil baby official']",2600482,100772,1892,4806,PT3M,,"['/m/04rlf', '/m/0glt670', '/m/02lkt', '/m/04rlf', '/m/0glt670', '/m/02lkt']",2016-03-15T23:30:05Z,US,1386746967,2910000,320,"['/m/04rlf', '/m/0glt670']"
41,2021-02-01T18:01:19Z,hJOKRUdTqOA,2021-01-29T20:00:10Z,The Frightening World of AI Generated Content,UC7zsxKqd5MicTf4VhS9Y74g,Kurtis Conner,https://i.ytimg.com/vi/hJOKRUdTqOA/default.jpg,23,"Go to https://expressvpn.com/kurtistown and find out how you can get 3 months free!

I've always been really fascinated by artificial intelligence; especially its relation to art and content creation. So I thought I'd do a deep dive into the topic and conduct an experiment of my own to see if it will have a positive or a negative impact on art. Enjoy! 

FOLLOW ME:
â–º https://instagram.com/kurtisconner/
â–º https://twitter.com/kurtisconner

MATTHEW'S CHANNEL: 
â–º https://www.youtube.com/user/MatthewPaquette

RUNWAYML: 
â–º https://runwayml.com/ 

MERCH:
â–º https://shop.kurtisconner.com/

SUBSCRIBE TO MY PODCAST CHANNEL:
â–º https://www.youtube.com/channel/UCtZZSUSt7iglO3TLE56pDNA

LISTEN TO THE POD:
â–º https://open.spotify.com/show/3nGVLHpNXo6MiHQmotIAHG?si=T9Q-NAIOQG6BpWL_7oUvDA
â–º https://podcasts.apple.com/ca/podcast/very-really-good/id1335843384

TWITCH:
â–º https://www.twitch.tv/kurtisconner 

Make your own!
â–º https://app.runwayml.com/models/kurtisconner/Kurt-Script

thanks for watching!

comment ""i'm gonna throw up the hill ok!"" if ur reading this!
 
#kurtisconner","['kurtis conner', 'kurtis connor', 'commentary', 'video essay', 'documentary', 'experiment', 'ai', 'artificial intelligence', 'comedy', 'robot', 'robots', 'ai memes', 'memes', 'forced a bot', 'forcing a bot']",1354703,146297,808,13976,PT39M12S,,,2014-04-14T22:03:51Z,CA,296943930,2880000,199,"['/m/019_rr', '/m/02jjt']"
42,2021-02-01T18:01:19Z,0dEcPF4Kocw,2021-01-30T21:17:59Z,"WANDAVISION EPISODE 4 BREAKDOWN! Easter Eggs & Details You Missed (1x04 ""We Interrupt This Program"")",UC7yRILFFJ2QZCykymr8LPwA,New Rockstars,https://i.ytimg.com/vi/0dEcPF4Kocw/default.jpg,24,"WandaVision 1x04 full episode shot-by-shot analysis! What is WandaVision's timeline compared with Avengers Endgame, and is Vision a corpse? Go to http://blublox.com/newrockstars and use the promo code NEWROCKSTARS at checkout to get 20% off and free shipping worldwide.

Check out our sweet, sweet merch! http://www.newrockstarsmerch.com
Subscribe:â€‹ â€‹http://bit.ly/SubNewRockstarsâ€‹ | Enable ALL push notifications â€‹ ðŸ””
Watch the NEWEST videos: https://www.youtube.com/playlist?list=PL4xEo4XxrSJbbjsGMSWDN62z8XB6QzHFy

WandaVisionâ€™s fourth episode, ""We Interrupt This Program,"" reveals the story of Monica Rambeau in a dramatic hospital scene set concurrently with Avengers Endgame. What is SWORD's history and mission, and what dark agenda could Acting Director Tyler Hayward be working towards with Monica and Westview? Erik Voss breaks down all the hidden Easter Eggs and SWORD clues, including the confirmed importance of hexagons, why locals have amnesia about Westview, and the deeper meaning of the episode's most terrifying jump-scare, Vision appearing as a corpse.

New Rockstars supports efforts to end racial violence. Please help those struggling, however you can: https://secure.actblue.com/donate/ms_blm_homepage_2019

Check out our official website for more: â€‹https://newmediarockstars.com

Follow New Rockstarsâ€‹:
Instagram: â€‹https://instagram.com/newrockstars 
Facebook: â€‹https://facebook.com/NewMediaRockstars 
Twitter: â€‹https://twitter.com/newrockstars
Patreon: â€‹http://patreon.com/newrockstars

Watch more New Rockstars:
Movie/TV Breakdowns: â€‹https://youtube.com/playlist?list=PL4xEo4XxrSJYIc41RsaDb9ffBm1U3xuNc&playnext=1
News & Theories: â€‹https://youtube.com/playlist?list=PL4xEo4XxrSJbRbibTPzfQGG8OL6BYPgiW&playnext=1
Trailer Breakdowns: â€‹https://youtube.com/playlist?list=PL4xEo4XxrSJan8z8kY31ox5GC9kdQILud&playnext=1
Newest Videos: https://www.youtube.com/playlist?list=PL4xEo4XxrSJbbjsGMSWDN62z8XB6QzHFy
Most Popular: â€‹https://www.youtube.com/playlist?list=PL4xEo4XxrSJb4yLVNzDNWuDqrmQZwCcKb

About New Rockstars:
Hey everyone, welcome to the official New Rockstars YouTube channel! We cover what the internet cares about. From Marvel to the Walking Dead, Rick and Morty to Stranger Things, James Bond to Star Wars, and more. We got you covered in every movie and television show you might love! Donâ€™t forget to subscribe and enable all push notifications so you never miss a review, breakdown, or theory.

PATREON PRODUCERS:
Brendan Langdon
Cody Anderson
Dan Woodson
LookNoHands
Karen Wang
O. Grometto
Pony Stark
Rick Denmon
RXJedi

Producer: Erik Voss http://www.twitter.com/eavoss
Producer: Zach Huddleston
Written by: Erik Voss
Executive Creative Director: Filup Molina http://www.twitter.com/filupmolina
Post Production Supervisor: John Costa
Staff Editor: Joshua Steven Hurd
Editors: Devin Cleary, Aaron CarriÃ³n","['new rockstars', 'new rockstars youtube', 'youtube new rockstars', 'wandavision', 'wandavision episode', 'wandavision reaction', 'wandavision breakdown', 'wandavision review', 'wandavision 1x04', 'wandavision episode 4', 'wandavision analysis', 'wandavision explained', 'westview', 'wanda', 'vision', 'wanda maximoff', 'monica rambeau', 'wandavision hospital', 'sword', 'avengers endgame', 'marvel', 'avengers', 'elizabeth olsen', 'wandavision ep 4', 'wandavision episode 5', 'wandavision episode 4 breakdown', 'wandavision easter egg']",899673,40450,636,3006,PT18M3S,,"['/m/02jjt', '/m/0f2f9', '/m/02vxn', '/m/02jjt', '/m/0f2f9', '/m/02vxn']",2011-10-08T06:33:10Z,US,923921139,2750000,1560,"['/m/02jjt', '/m/025zzc', '/m/0f2f9', '/m/02vxn']"
43,2021-02-01T18:01:19Z,8a2ezAX65UM,2021-01-29T05:00:13Z,Lil Durk - Should've Ducked feat. Pooh Shiesty (Official Audio),UCaxOQZrF5llUMp-JjesUz1A,Lil Durk,https://i.ytimg.com/vi/8a2ezAX65UM/default.jpg,10,"Stream ""The Voice"" Deluxe:
https://smarturl.it/TheVoiceDeluxe

Follow Lil Durk:
https://instagram.com/lildurk
https://twitter.com/lildurk
https://www.tiktok.com/@lildurk
https://soundcloud.com/lildurk
https://fb.com/lildurk
https://otfgear.com/

Subscribe: http://bit.ly/Subscribe-to-Durk

#lildurk #thevoice #doit4von","['lil durk', 'lil durk music', 'lil durk music video', 'just cause yall waited 2', 'durkio', 'smurkio', 'lil durk official', 'drill', 'drill music', 'chicago hip hop', 'only the family', 'OTF', 'lil durk the voice', 'lil durk the voice lil durk deluxe', 'the voice', ""lil durk should've ducked"", ""should've ducked lil durk"", ""should've ducked"", 'pooh shiesty', ""pooh shiesty should've ducked"", 'lil durk pooh shiesty']",2694581,93078,3044,8220,PT3M13S,,"['/m/04rlf', '/m/0glt670', '/m/04rlf', '/m/0glt670']",2016-03-15T23:30:05Z,US,1386746967,2910000,320,"['/m/04rlf', '/m/0glt670']"
44,2021-02-01T18:01:19Z,dN3wEdK_vxw,2021-01-30T14:43:44Z,Trailer Park Boys - The Kittyman Sea Shanty,UCvW9uSNy6Lytcnib1CdXrow,Trailer Park Boys,https://i.ytimg.com/vi/dN3wEdK_vxw/default.jpg,23,"There are sea shanties, and then there are sea shanties about kitties sung by the Trailer Park Boys. THIS is that sea shanty. Don't forget to subscribe to http://www.SwearNet.com for more EXCLUSIVE Trailer Park Boys content!!","['Trailer Park Boys', 'TPB', 'Bubbles', 'Ricky', 'Julian', 'sware net', 'swear net', 'sweatnet']",330548,24455,140,1751,PT1M26S,,"['/m/04rlf', '/m/04rlf']",2013-10-22T19:25:30Z,CA,56424184,397000,308,['/m/02jjt']
45,2021-02-01T18:01:19Z,6Zvk5VG_xhU,2021-01-30T19:09:24Z,Finding The Secret Dream SMP Treasure!,UCrYrcFGGs_nke1MggS8Jvqg,Karl,https://i.ytimg.com/vi/6Zvk5VG_xhU/default.jpg,22,"SUBSCRIBE!!!

Watch me live!
https://www.twitch.tv/karljacobs

Join my discord server!
https://discord.gg/ecH97hH66m
----------------------------------------------------------------
Follow me on all socials!
â€¢ Twitter - https://twitter.com/KarlJacobs_
â€¢  Instagram - https://www.instagram.com/karljacobs_/
--------------------------------------------------------------------",['karl jacobs'],847763,67185,731,3712,PT11M3S,,,2020-09-11T20:18:37.938199Z,US,22501894,1210000,9,"['/m/025zzc', '/m/0403l3g', '/m/0bzvm2']"
46,2021-02-01T18:01:19Z,KHKCGf9C-5E,2021-01-29T12:47:12Z,AmongKeyboard Keyboard Application for Among Us #Shorts #AmongUs,UCBq_Dt6w_LnNsZKmKR4vJEQ,Listeniz,https://i.ytimg.com/vi/KHKCGf9C-5E/default.jpg,20,"AmongKeyboard is a custom keyboard application that is designed for Among Us ðŸ¤©. You can customize your keyboard to ease chatting in the game ðŸ¥³. It is %100 free.

Customize your own words or sentences for use in the game ðŸ“±. You will no longer have trouble typing on the message screen while playing Among Us ðŸ‘¨ðŸ¼â€ðŸ’». You can write quickly using the sentences you have prepared before with AmongKeyboard ðŸŽ‰.

How to use it?
- Enable AmongKeyboard in settings
- Customize your sentences you will use before the game
- Change your keyboard with AmongKeyboard
- Start to play Among Us
- Have fun ðŸ˜

ImpoKeyboard - Custom Keyboard for Among Us on Google Play Store 

To download:  https://play.google.com/store/apps/details?id=amonguskeyboard.amongkeyboard.impokeyboard

If the link does not work, type ImpoKeyboard on Google Play Store.","['among us', 'amonglock', 'among us lock', 'among us lock screen', 'amonglock app', 'amonglock android', 'amonglock google play', 'how to get among us lockscreen android', 'among us reactor lock screen', 'lockscreen among us', 'among us screen lock', 'how to get among us lockscreen', 'how to download among us lockscreen', 'among us lockscreen android', 'among us lock screen android', 'among us lockscreen for android', 'among us phone lock screen', 'shorts', 'keyboard', 'among us keyboard', 'among keyboard']",562692,15656,1149,286,PT31S,,"['/m/0bzvm2', '/m/0b1vjn', '/m/0bzvm2']",2015-04-19T15:03:14Z,,3256817,17400,25,"['/m/0b1vjn', '/m/0bzvm2']"
47,2021-02-01T18:01:19Z,o2TY-9lAZC0,2021-01-31T15:00:19Z,Making Burger King Chicken Fries At Home | But Better,UChBEbMKI1eCcejTtmI32UEw,Joshua Weissman,https://i.ytimg.com/vi/o2TY-9lAZC0/default.jpg,26,"Fried chicken is a perfect food. Homemade chicken fries on the other hand... maybe ascends us to a new level. Or not? I'm not really sure but Burger King has set this work out for us and I think it's gonna be an easy one. 

FOLLOW ME:
Instagram: https://www.instagram.com/joshuaweissman
Tik Tok: https://www.tiktok.com/@flakeysalt
Twitter: https://twitter.com/therealweissman
Facebook: https://www.facebook.com/thejoshuaweissman
Subreddit: https://www.reddit.com/r/JoshuaWeissman/
---------------------------------------------------------------
Ingredients you'll need:

Chicken Fry Sauce:
-1/2 cup ketchup
-2.5 tablespoons dark brown sugar
-3 tablespoons worcestershire sauce
-1 tablespoon white vinegar
-2 teaspoons garlic powder
-1 tablespoon hot sauce
-1.5 teaspoonÂ  salt
-1/2 cup yellow mustard
-2 tablespoons honey
- 1/2 cup mayo

Chicken:
1lb chicken breast
1/4 lb chicken skin
2 teaspoon salt
1 teaspoon sugar 
3/4 teaspoon MSG
1 teaspoon ground white pepper
2 teaspoons garlic powder
 
Breading:
1 cup all purpose flour
2 teaspoons salt
1 teaspoon MSG
2 teaspoons garlic powder 
2 teaspoons spanish paprika
2 eggs beaten with 1 tablespoon of water
1 cup panko bread crumbs","['But better', 'burger king', 'burger king recipes', 'chicken fries', 'burger king chicken fries', 'how to make burger king chicken fries', 'chicken fry recipe', 'fried chicken recipe', 'how to make fried chicken', 'chicken katsu', 'how to grind meat', 'joshua weissman', 'youtube recipes', 'youtube cooking series', 'sat bawl pro', 'homemade chicken fries', 'chicken sauce', 'chicken sauce recipe', 'easy fried chicken', 'joshua weissman but better', 'but better', 'josh weissman', 'fries', 'french fries', 'fried chicken']",643006,37403,462,2210,PT8M22S,,"['/m/02wbm', '/m/019_rr', '/m/019_rr', '/m/02wbm']",2014-02-28T00:03:34Z,,310243601,3550000,250,"['/m/019_rr', '/m/02wbm']"
48,2021-02-01T18:01:19Z,SzYJNQJFprE,2021-01-30T00:00:02Z,EST Gee x Yo Gotti - Get Money,UCz_QWRP1UzcV10sfML8Gbxw,EST Gee,https://i.ytimg.com/vi/SzYJNQJFprE/default.jpg,10,"Listen to ""Get Money"" feat. @Yo Gotti  from 'I Still Don't Feel Nun' out everywhere now: https://smarturl.it/IStillDontFeelNun

Follow EST Gee:
https://twitter.com/ESTGEE1
https://www.facebook.com/ESTGeeOffici...
https://www.instagram.com/est.gee

#ESTGee #GetMoney #YoGotti #IStillDontFeelNun","['#ESTGee', 'EST Gee', 'Yo Gotti', 'CMG', 'I Still Dont Feel Nun', 'moneybagg yo', '42 dugg', 'est gee get money', 'est gee i still dont feel nun', ""I Still Don't Feel Nun"", 'Route 66', 'Jack Harlow', ""Member's Only"", 'Special', 'EST Gee Special Remix', 'Moneybagg Yo Est Gee', 'babyface rae', 'babyface ray', ""That's What They All Say"", 'Whats Poppin', 'Said Sum', 'Said Sum Remix', 'Code Red', 'Time Served', 'Rake It Up', 'Untrapped', 'Lil Baby', 'We Paid', 'Grace Lil Baby', 'Young & Turnt']",598112,15952,519,892,PT2M39S,,"['/m/04rlf', '/m/0glt670', '/m/04rlf', '/m/0glt670']",2017-10-18T08:03:29Z,US,18616840,38000,27,"['/m/04rlf', '/m/0glt670']"
49,2021-02-01T18:01:19Z,0U-tV0aZSsI,2021-01-30T19:00:01Z,"Bella Poarch, Noah Beck, and Larray Guess Fansâ€™ Tinder Bios | Whose Bio Is It Anyway",UCL4IdfbWMWMByRCKry6mh6g,Flighthouse,https://i.ytimg.com/vi/0U-tV0aZSsI/default.jpg,24,"Noah Beck, Bella Poarch and Larray stopped by Flighthouse to play Whose Bio Is It Anyway and match fansâ€™ photos to their Tinder profiles (and surprise a few of them on Facetime!). 

Are you ready to put yourself out there on Tinder?! 

Follow Tinder: 
tiktok.com/@tinder
instagram.com/tinder 
youtube.com/tinder

Follow Miriah: 
instagram.com/justcallmel1ttle

Follow Natalia: 
Instagram.com/simpingnatalia

Follow Aaron: 
instagram.com/aaronkreider 

#tinder #tinderpartner #flighthouse","['Flighthouse', 'Flighthouse tiktok', 'tiktokt', 'Whose Bio Is It Anyway', 'whose bios is it anyway flighthouse', 'tiktok bio', 'tiktok bios', 'whose bios', 'Bella Poarch', 'bella poarch tiktok', 'bella poarch flighthouse', 'Noah Beck', 'noah beck tiktok', 'noah beck flighthouse', 'larray', 'larray tiktok', 'larray flighthouse', 'tinder', 'tinder bios', 'Guess Fansâ€™ Tinder Bios', 'fans', 'guess tinder profile', 'guess tinder bios', 'bella poarch noah beck larray', 'january 2021']",210176,7967,461,528,PT6M9S,,"['/m/02jjt', '/m/02jjt']",2019-09-19T23:05:28Z,US,80365354,426000,168,"['/m/04rlf', '/m/02jjt']"
50,2021-02-01T18:01:19Z,NIt8nDNpCEs,2021-01-30T19:00:03Z,OUR BABY BOY NAME REVEAL,UC2TTY2iAEYVAWimBjU-NvHA,The Chatwins,https://i.ytimg.com/vi/NIt8nDNpCEs/default.jpg,22,"Welcome to the world Baby C.... from now on we will call you...

Chatfam Merch Store
http://bit.ly/313FEtt 

Cara's Woman's Clothing Boutique: Chatwin Collection
http://bit.ly/chatwincollection

Subscribe to our new YouTube Gaming channel: Daddy D!
https://bit.ly/35q6lhu

Use this link to get Vivint Smart Home with all upfront fees waived ($400) as well as the Doorbell Camera Pro ($250) for free. Special Chatfam Deal to protect your house. WE LOVE IT!
 http://bit.ly/347tLFD

Join the CHATFAM. SUBSCRIBE!  
https://bit.ly/2rETUti

Make sure you like, subscribe, comment, turn on post notifications, and follow our Instagram accounts since we will be doing shout outs every video.

Send us Mail! (include your email address for a thank you)
P.O. Box 970571
Orem, UT
84097

Follow us on Instagram!
FAMILY: @thechatwins
CARA: @carachatwin
DARIK: @darikchatwin
GEMMA: @gemma_chatwin
TRIPLETS: @chatwintriplets
Chatwin Collection: @chatwincollection

 TikTok: https://vm.tiktok.com/93p3tT/  (@chatfam)

Facebook:
https://www.facebook.com/thechatwins/

2021 is the year of the CHATFAM!

XO

â™¥ï¸ 

Cara, Darik, Gemma, Reese, Royal, Wren & Pia. 

#TheChatwins #family #vlog #familyvlog 

Thanks for watching the video","['New parents', 'mom', 'dad', 'father', 'mother', 'parents', 'parenting', 'mom life', 'day in the life', 'daily vlogs', 'family vlogs', 'family vlogger', 'family vlogging', 'vlogger', 'vlog', 'family vlog', 'young family', 'pregnant mom', 'baby vlog', 'family channel', 'mom vlog', 'YouTube family', 'fun', 'life', 'large family', 'family', 'family friendly', 'family life', 'toddlers', 'kids', 'baby', 'babies', 'pregnancy', 'pregnant', 'pregnancy vlog', 'triplets', 'the chatwins', 'chatwins', 'chatwins baby name', 'Chatwin baby boy name']",499988,22479,408,2559,PT4M58S,,"['/m/019_rr', '/m/019_rr']",2018-08-30T05:38:12Z,US,127795242,820000,343,['/m/019_rr']